PID,phase,run,trial,event,onset,duration,onset_time_elapsed,duration_time_elapsed
97001,localizer,0,0,stimulus,0,400,0,406
97001,localizer,0,0,iti,400,300,406,304
97001,localizer,0,0,stimulus,700,400,710,407
97001,localizer,0,0,iti,1100,300,1117,305
97001,localizer,0,0,stimulus,1400,400,1422,404
97001,localizer,0,0,iti,1800,300,1826,305
97001,localizer,0,0,stimulus,2100,400,2131,406
97001,localizer,0,0,iti,2500,300,2537,305
97001,localizer,0,0,stimulus,2800,400,2842,407
97001,localizer,0,0,iti,3200,300,3249,310
97001,localizer,0,1,stimulus,3500,400,3559,406
97001,localizer,0,1,iti,3900,300,3965,305
97001,localizer,0,1,stimulus,4200,400,4270,406
97001,localizer,0,1,iti,4600,300,4676,304
97001,localizer,0,1,stimulus,4900,400,4980,406
97001,localizer,0,1,iti,5300,300,5386,305
97001,localizer,0,2,stimulus,5600,400,5691,405
97001,localizer,0,2,iti,6000,300,6096,305
97001,localizer,0,2,stimulus,6300,400,6401,406
97001,localizer,0,2,iti,6700,300,6807,306
97001,localizer,0,2,stimulus,7000,400,7113,406
97001,localizer,0,2,iti,7400,300,7519,305
97001,localizer,0,2,stimulus,7700,400,7824,406
97001,localizer,0,2,iti,8100,300,8230,305
97001,localizer,0,3,stimulus,8400,400,8535,405
97001,localizer,0,3,iti,8800,300,8940,304
97001,localizer,0,3,stimulus,9100,400,9244,405
97001,localizer,0,3,iti,9500,300,9649,305
97001,localizer,0,4,stimulus,9800,400,9954,404
97001,localizer,0,4,iti,10200,300,10358,306
97001,localizer,0,4,stimulus,10500,400,10664,405
97001,localizer,0,4,iti,10900,300,11069,306
97001,localizer,0,5,stimulus,11200,400,11375,406
97001,localizer,0,5,iti,11600,300,11781,304
97001,localizer,0,5,stimulus,11900,400,12085,406
97001,localizer,0,5,iti,12300,300,12491,305
97001,localizer,1,6,stimulus,0,400,0,407
97001,localizer,1,6,iti,400,300,407,306
97001,localizer,1,7,stimulus,700,400,713,405
97001,localizer,1,7,iti,1100,300,1118,305
97001,localizer,1,8,stimulus,1400,400,1423,422
97001,localizer,1,8,iti,1800,300,1845,307
97001,localizer,1,9,stimulus,2100,400,2152,407
97001,localizer,1,9,iti,2500,300,2559,305
97001,localizer,1,10,stimulus,2800,400,2864,406
97001,localizer,1,10,iti,3200,300,3270,305
97001,localizer,1,11,stimulus,3500,400,3575,405
97001,localizer,1,11,iti,3900,300,3980,306
97001,localizer,1,12,stimulus,4200,400,4286,408
97001,localizer,1,12,iti,4600,300,4694,304
97001,localizer,1,13,stimulus,4900,400,4998,406
97001,localizer,1,13,iti,5300,300,5404,309
97001,localizer,1,14,stimulus,5600,400,5713,406
97001,localizer,1,14,iti,6000,300,6119,306
97001,localizer,1,15,stimulus,6300,400,6425,406
97001,localizer,1,15,iti,6700,300,6831,306
97001,localizer,1,16,stimulus,7000,400,7137,405
97001,localizer,1,16,iti,7400,300,7542,306
97001,localizer,1,17,stimulus,7700,400,7848,405
97001,localizer,1,17,iti,8100,300,8253,305
97001,localizer,1,18,stimulus,8400,400,8558,408
97001,localizer,1,18,iti,8800,300,8966,307
97001,localizer,1,19,stimulus,9100,400,9273,405
97001,localizer,1,19,iti,9500,300,9678,307
97001,localizer,1,20,stimulus,9800,400,9985,405
97001,localizer,1,20,iti,10200,300,10390,305
97001,localizer,1,21,stimulus,10500,400,10695,409
97001,localizer,1,21,iti,10900,300,11104,306
97001,localizer,1,22,stimulus,11200,400,11410,406
97001,localizer,1,22,iti,11600,300,11816,306
97001,localizer,1,23,stimulus,11900,400,12122,404
97001,localizer,1,23,iti,12300,300,12526,310
97001,localizer,1,24,stimulus,12600,400,12836,405
97001,localizer,1,24,iti,13000,300,13241,304
97001,localizer,1,25,stimulus,13300,400,13545,406
97001,localizer,1,25,iti,13700,14000,13951,14007
97001,localizer,1,26,stimulus,27700,400,27958,406
97001,localizer,1,26,iti,28100,300,28364,305
97001,localizer,1,27,stimulus,28400,400,28669,408
97001,localizer,1,27,iti,28800,300,29077,305
97001,localizer,1,28,stimulus,29100,400,29382,406
97001,localizer,1,28,iti,29500,300,29788,306
97001,localizer,1,29,stimulus,29800,400,30094,405
97001,localizer,1,29,iti,30200,300,30499,306
97001,localizer,1,30,stimulus,30500,400,30805,405
97001,localizer,1,30,iti,30900,300,31210,306
97001,localizer,1,31,stimulus,31200,400,31516,405
97001,localizer,1,31,iti,31600,300,31921,307
97001,localizer,1,32,stimulus,31900,400,32228,406
97001,localizer,1,32,iti,32300,300,32634,305
97001,localizer,1,33,stimulus,32600,400,32939,405
97001,localizer,1,33,iti,33000,300,33344,304
97001,localizer,1,34,stimulus,33300,400,33648,405
97001,localizer,1,34,iti,33700,300,34053,305
97001,localizer,1,35,stimulus,34000,400,34358,406
97001,localizer,1,35,iti,34400,300,34764,305
97001,localizer,1,36,stimulus,34700,400,35069,406
97001,localizer,1,36,iti,35100,300,35475,305
97001,localizer,1,37,stimulus,35400,400,35780,407
97001,localizer,1,37,iti,35800,300,36187,305
97001,localizer,1,38,stimulus,36100,400,36492,405
97001,localizer,1,38,iti,36500,300,36897,308
97001,localizer,1,39,stimulus,36800,400,37205,406
97001,localizer,1,39,iti,37200,300,37611,306
97001,localizer,1,40,stimulus,37500,400,37917,405
97001,localizer,1,40,iti,37900,300,38322,305
97001,localizer,1,41,stimulus,38200,400,38627,409
97001,localizer,1,41,iti,38600,300,39036,307
97001,localizer,1,42,stimulus,38900,400,39343,407
97001,localizer,1,42,iti,39300,300,39750,305
97001,localizer,1,43,stimulus,39600,400,40055,405
97001,localizer,1,43,iti,40000,300,40460,306
97001,localizer,1,44,stimulus,40300,400,40766,406
97001,localizer,1,44,iti,40700,300,41172,305
97001,localizer,1,45,stimulus,41000,400,41477,406
97001,localizer,1,45,iti,41400,14000,41883,14005
97001,localizer,1,46,stimulus,55400,400,55888,407
97001,localizer,1,46,iti,55800,300,56295,319
97001,localizer,1,47,stimulus,56100,400,56614,405
97001,localizer,1,47,iti,56500,300,57019,305
97001,localizer,1,48,stimulus,56800,400,57324,404
97001,localizer,1,48,iti,57200,300,57728,306
97001,localizer,1,49,stimulus,57500,400,58034,405
97001,localizer,1,49,iti,57900,300,58439,305
97001,localizer,1,50,stimulus,58200,400,58744,404
97001,localizer,1,50,iti,58600,300,59148,305
97001,localizer,1,51,stimulus,58900,400,59453,407
97001,localizer,1,51,iti,59300,300,59860,307
97001,localizer,1,52,stimulus,59600,400,60167,405
97001,localizer,1,52,iti,60000,300,60572,310
97001,localizer,1,53,stimulus,60300,400,60882,407
97001,localizer,1,53,iti,60700,300,61289,305
97001,localizer,1,54,stimulus,61000,400,61594,406
97001,localizer,1,54,iti,61400,300,62000,305
97001,localizer,1,55,stimulus,61700,400,62305,406
97001,localizer,1,55,iti,62100,300,62711,304
97001,localizer,1,56,stimulus,62400,400,63015,407
97001,localizer,1,56,iti,62800,300,63422,306
97001,localizer,1,57,stimulus,63100,400,63728,406
97001,localizer,1,57,iti,63500,300,64134,305
97001,localizer,1,58,stimulus,63800,400,64439,405
97001,localizer,1,58,iti,64200,300,64844,306
97001,localizer,1,59,stimulus,64500,400,65150,405
97001,localizer,1,59,iti,64900,300,65555,306
97001,localizer,1,60,stimulus,65200,400,65861,407
97001,localizer,1,60,iti,65600,300,66268,307
97001,localizer,1,61,stimulus,65900,400,66575,405
97001,localizer,1,61,iti,66300,300,66980,307
97001,localizer,1,62,stimulus,66600,400,67287,405
97001,localizer,1,62,iti,67000,300,67692,305
97001,localizer,1,63,stimulus,67300,400,67997,404
97001,localizer,1,63,iti,67700,300,68401,305
97001,localizer,1,64,stimulus,68000,400,68706,405
97001,localizer,1,64,iti,68400,300,69111,306
97001,localizer,1,65,stimulus,68700,400,69417,404
97001,localizer,1,65,iti,69100,14000,69821,14005
97001,localizer,1,66,stimulus,83100,400,83826,407
97001,localizer,1,66,iti,83500,300,84233,307
97001,localizer,1,67,stimulus,83800,400,84540,406
97001,localizer,1,67,iti,84200,300,84946,305
97001,localizer,1,68,stimulus,84500,400,85251,406
97001,localizer,1,68,iti,84900,300,85657,307
97001,localizer,1,69,stimulus,85200,400,85964,405
97001,localizer,1,69,iti,85600,300,86369,306
97001,localizer,1,70,stimulus,85900,400,86675,405
97001,localizer,1,70,iti,86300,300,87080,305
97001,localizer,1,71,stimulus,86600,400,87385,405
97001,localizer,1,71,iti,87000,300,87790,306
97001,localizer,1,72,stimulus,87300,400,88096,406
97001,localizer,1,72,iti,87700,300,88502,306
97001,localizer,1,73,stimulus,88000,400,88808,405
97001,localizer,1,73,iti,88400,300,89213,305
97001,localizer,1,74,stimulus,88700,400,89518,407
97001,localizer,1,74,iti,89100,300,89925,307
97001,localizer,1,75,stimulus,89400,400,90232,405
97001,localizer,1,75,iti,89800,300,90637,306
97001,localizer,1,76,stimulus,90100,400,90943,405
97001,localizer,1,76,iti,90500,300,91348,305
97001,localizer,1,77,stimulus,90800,400,91653,407
97001,localizer,1,77,iti,91200,300,92060,304
97001,localizer,1,78,stimulus,91500,400,92364,406
97001,localizer,1,78,iti,91900,300,92770,306
97001,localizer,1,79,stimulus,92200,400,93076,417
97001,localizer,1,79,iti,92600,300,93493,305
97001,localizer,1,80,stimulus,92900,400,93798,406
97001,localizer,1,80,iti,93300,300,94204,306
97001,localizer,1,81,stimulus,93600,400,94510,404
97001,localizer,1,81,iti,94000,300,94914,307
97001,localizer,1,82,stimulus,94300,400,95221,405
97001,localizer,1,82,iti,94700,300,95626,305
97001,localizer,1,83,stimulus,95000,400,95931,405
97001,localizer,1,83,iti,95400,300,96336,305
97001,localizer,1,84,stimulus,95700,400,96641,404
97001,localizer,1,84,iti,96100,300,97045,305
97001,localizer,1,85,stimulus,96400,400,97350,406
97001,localizer,1,85,iti,96800,14000,97756,14006
97001,localizer,1,86,stimulus,110800,400,111762,407
97001,localizer,1,86,iti,111200,300,112169,306
97001,localizer,1,87,stimulus,111500,400,112475,406
97001,localizer,1,87,iti,111900,300,112881,305
97001,localizer,1,88,stimulus,112200,400,113186,407
97001,localizer,1,88,iti,112600,300,113593,305
97001,localizer,1,89,stimulus,112900,400,113898,405
97001,localizer,1,89,iti,113300,300,114303,310
97001,localizer,1,90,stimulus,113600,400,114613,405
97001,localizer,1,90,iti,114000,300,115018,306
97001,localizer,1,91,stimulus,114300,400,115324,406
97001,localizer,1,91,iti,114700,300,115730,306
97001,localizer,1,92,stimulus,115000,400,116036,406
97001,localizer,1,92,iti,115400,300,116442,310
97001,localizer,1,93,stimulus,115700,400,116752,405
97001,localizer,1,93,iti,116100,300,117157,306
97001,localizer,1,94,stimulus,116400,400,117463,405
97001,localizer,1,94,iti,116800,300,117868,306
97001,localizer,1,95,stimulus,117100,400,118174,406
97001,localizer,1,95,iti,117500,300,118580,305
97001,localizer,1,96,stimulus,117800,400,118885,406
97001,localizer,1,96,iti,118200,300,119291,305
97001,localizer,1,97,stimulus,118500,400,119596,407
97001,localizer,1,97,iti,118900,300,120003,305
97001,localizer,1,98,stimulus,119200,400,120308,407
97001,localizer,1,98,iti,119600,300,120715,305
97001,localizer,1,99,stimulus,119900,400,121020,408
97001,localizer,1,99,iti,120300,300,121428,306
97001,localizer,1,100,stimulus,120600,400,121734,407
97001,localizer,1,100,iti,121000,300,122141,305
97001,localizer,1,101,stimulus,121300,400,122446,404
97001,localizer,1,101,iti,121700,300,122850,310
97001,localizer,1,102,stimulus,122000,400,123160,405
97001,localizer,1,102,iti,122400,300,123565,304
97001,localizer,1,103,stimulus,122700,400,123869,406
97001,localizer,1,103,iti,123100,300,124275,307
97001,localizer,1,104,stimulus,123400,400,124582,405
97001,localizer,1,104,iti,123800,300,124987,306
97001,localizer,1,105,stimulus,124100,400,125293,406
97001,localizer,1,105,iti,124500,14000,125699,14006
97001,localizer,1,106,stimulus,138500,400,139705,406
97001,localizer,1,106,iti,138900,300,140111,306
97001,localizer,1,107,stimulus,139200,400,140417,407
97001,localizer,1,107,iti,139600,300,140824,305
97001,localizer,1,108,stimulus,139900,400,141129,405
97001,localizer,1,108,iti,140300,300,141534,306
97001,localizer,1,109,stimulus,140600,400,141840,405
97001,localizer,1,109,iti,141000,300,142245,306
97001,localizer,1,110,stimulus,141300,400,142551,405
97001,localizer,1,110,iti,141700,300,142956,305
97001,localizer,1,111,stimulus,142000,400,143261,405
97001,localizer,1,111,iti,142400,300,143666,306
97001,localizer,1,112,stimulus,142700,400,143972,406
97001,localizer,1,112,iti,143100,300,144378,305
97001,localizer,1,113,stimulus,143400,400,144683,407
97001,localizer,1,113,iti,143800,300,145090,306
97001,localizer,1,114,stimulus,144100,400,145396,407
97001,localizer,1,114,iti,144500,300,145803,305
97001,localizer,1,115,stimulus,144800,400,146108,406
97001,localizer,1,115,iti,145200,300,146514,306
97001,localizer,1,116,stimulus,145500,400,146820,405
97001,localizer,1,116,iti,145900,300,147225,305
97001,localizer,1,117,stimulus,146200,400,147530,406
97001,localizer,1,117,iti,146600,300,147936,306
97001,localizer,1,118,stimulus,146900,400,148242,406
97001,localizer,1,118,iti,147300,300,148648,306
97001,localizer,1,119,stimulus,147600,400,148954,405
97001,localizer,1,119,iti,148000,300,149359,305
97001,localizer,1,120,stimulus,148300,400,149664,406
97001,localizer,1,120,iti,148700,300,150070,306
97001,localizer,1,121,stimulus,149000,400,150376,408
97001,localizer,1,121,iti,149400,300,150784,307
97001,localizer,1,122,stimulus,149700,400,151091,407
97001,localizer,1,122,iti,150100,300,151498,307
97001,localizer,1,123,stimulus,150400,400,151805,405
97001,localizer,1,123,iti,150800,300,152210,306
97001,localizer,1,124,stimulus,151100,400,152516,406
97001,localizer,1,124,iti,151500,300,152922,306
97001,localizer,1,125,stimulus,151800,400,153228,408
97001,localizer,1,125,iti,152200,14000,153636,14011
97001,localizer,1,126,stimulus,166200,400,167647,406
97001,localizer,1,126,iti,166600,300,168053,304
97001,localizer,1,127,stimulus,166900,400,168357,405
97001,localizer,1,127,iti,167300,300,168762,305
97001,localizer,1,128,stimulus,167600,400,169067,405
97001,localizer,1,128,iti,168000,300,169472,305
97001,localizer,1,129,stimulus,168300,400,169777,404
97001,localizer,1,129,iti,168700,300,170181,306
97001,localizer,1,130,stimulus,169000,400,170487,405
97001,localizer,1,130,iti,169400,300,170892,305
97001,localizer,1,131,stimulus,169700,400,171197,406
97001,localizer,1,131,iti,170100,300,171603,308
97001,localizer,1,132,stimulus,170400,400,171911,406
97001,localizer,1,132,iti,170800,300,172317,306
97001,localizer,1,133,stimulus,171100,400,172623,404
97001,localizer,1,133,iti,171500,300,173027,305
97001,localizer,1,134,stimulus,171800,400,173332,406
97001,localizer,1,134,iti,172200,300,173738,305
97001,localizer,1,135,stimulus,172500,400,174043,406
97001,localizer,1,135,iti,172900,300,174449,305
97001,localizer,1,136,stimulus,173200,400,174754,404
97001,localizer,1,136,iti,173600,300,175158,305
97001,localizer,1,137,stimulus,173900,400,175463,404
97001,localizer,1,137,iti,174300,300,175867,306
97001,localizer,1,138,stimulus,174600,400,176173,405
97001,localizer,1,138,iti,175000,300,176578,305
97001,localizer,1,139,stimulus,175300,400,176883,405
97001,localizer,1,139,iti,175700,300,177288,306
97001,localizer,1,140,stimulus,176000,400,177594,405
97001,localizer,1,140,iti,176400,300,177999,305
97001,localizer,1,141,stimulus,176700,400,178304,407
97001,localizer,1,141,iti,177100,300,178711,306
97001,localizer,1,142,stimulus,177400,400,179017,406
97001,localizer,1,142,iti,177800,300,179423,305
97001,localizer,1,143,stimulus,178100,400,179728,407
97001,localizer,1,143,iti,178500,300,180135,304
97001,localizer,1,144,stimulus,178800,400,180439,405
97001,localizer,1,144,iti,179200,300,180844,307
97001,localizer,1,145,stimulus,179500,400,181151,406
97001,localizer,1,145,iti,179900,14000,181557,14005
97001,localizer,1,146,stimulus,193900,400,195562,406
97001,localizer,1,146,iti,194300,300,195968,306
97001,localizer,1,147,stimulus,194600,400,196274,405
97001,localizer,1,147,iti,195000,300,196679,305
97001,localizer,1,148,stimulus,195300,400,196984,408
97001,localizer,1,148,iti,195700,300,197392,308
97001,localizer,1,149,stimulus,196000,400,197700,407
97001,localizer,1,149,iti,196400,300,198107,307
97001,localizer,1,150,stimulus,196700,400,198414,409
97001,localizer,1,150,iti,197100,300,198823,306
97001,localizer,1,151,stimulus,197400,400,199129,404
97001,localizer,1,151,iti,197800,300,199533,306
97001,localizer,1,152,stimulus,198100,400,199839,405
97001,localizer,1,152,iti,198500,300,200244,306
97001,localizer,1,153,stimulus,198800,400,200550,406
97001,localizer,1,153,iti,199200,300,200956,307
97001,localizer,1,154,stimulus,199500,400,201263,408
97001,localizer,1,154,iti,199900,300,201671,305
97001,localizer,1,155,stimulus,200200,400,201976,406
97001,localizer,1,155,iti,200600,300,202382,307
97001,localizer,1,156,stimulus,200900,400,202689,408
97001,localizer,1,156,iti,201300,300,203097,304
97001,localizer,1,157,stimulus,201600,400,203401,407
97001,localizer,1,157,iti,202000,300,203808,305
97001,localizer,1,158,stimulus,202300,400,204113,406
97001,localizer,1,158,iti,202700,300,204519,306
97001,localizer,1,159,stimulus,203000,400,204825,406
97001,localizer,1,159,iti,203400,300,205231,306
97001,localizer,1,160,stimulus,203700,400,205537,406
97001,localizer,1,160,iti,204100,300,205943,313
97001,localizer,1,161,stimulus,204400,400,206256,406
97001,localizer,1,161,iti,204800,300,206662,307
97001,localizer,1,162,stimulus,205100,400,206969,407
97001,localizer,1,162,iti,205500,300,207376,309
97001,localizer,1,163,stimulus,205800,400,207685,406
97001,localizer,1,163,iti,206200,300,208091,306
97001,localizer,1,164,stimulus,206500,400,208397,406
97001,localizer,1,164,iti,206900,300,208803,307
97001,localizer,1,165,stimulus,207200,400,209110,409
97001,localizer,1,165,iti,207600,14000,209519,14006
97001,localizer,1,166,stimulus,221600,400,223525,406
97001,localizer,1,166,iti,222000,300,223931,314
97001,localizer,1,167,stimulus,222300,400,224245,407
97001,localizer,1,167,iti,222700,300,224652,307
97001,localizer,1,168,stimulus,223000,400,224959,405
97001,localizer,1,168,iti,223400,300,225364,306
97001,localizer,1,169,stimulus,223700,400,225670,406
97001,localizer,1,169,iti,224100,300,226076,306
97001,localizer,1,170,stimulus,224400,400,226382,405
97001,localizer,1,170,iti,224800,300,226787,305
97001,localizer,1,171,stimulus,225100,400,227092,406
97001,localizer,1,171,iti,225500,300,227498,307
97001,localizer,1,172,stimulus,225800,400,227805,406
97001,localizer,1,172,iti,226200,300,228211,305
97001,localizer,1,173,stimulus,226500,400,228516,405
97001,localizer,1,173,iti,226900,300,228921,307
97001,localizer,1,174,stimulus,227200,400,229228,408
97001,localizer,1,174,iti,227600,300,229636,307
97001,localizer,1,175,stimulus,227900,400,229943,407
97001,localizer,1,175,iti,228300,300,230350,307
97001,localizer,1,176,stimulus,228600,400,230657,405
97001,localizer,1,176,iti,229000,300,231062,306
97001,localizer,1,177,stimulus,229300,400,231368,405
97001,localizer,1,177,iti,229700,300,231773,306
97001,localizer,1,178,stimulus,230000,400,232079,406
97001,localizer,1,178,iti,230400,300,232485,305
97001,localizer,1,179,stimulus,230700,400,232790,405
97001,localizer,1,179,iti,231100,300,233195,306
97001,localizer,1,180,stimulus,231400,400,233501,409
97001,localizer,1,180,iti,231800,300,233910,306
97001,localizer,1,181,stimulus,232100,400,234216,406
97001,localizer,1,181,iti,232500,300,234622,305
97001,localizer,1,182,stimulus,232800,400,234927,415
97001,localizer,1,182,iti,233200,300,235342,307
97001,localizer,1,183,stimulus,233500,400,235649,407
97001,localizer,1,183,iti,233900,300,236056,304
97001,localizer,1,184,stimulus,234200,400,236360,406
97001,localizer,1,184,iti,234600,300,236766,307
97001,localizer,1,185,stimulus,234900,400,237073,405
97001,localizer,1,185,iti,235300,14000,237478,14005
97001,localizer,1,186,stimulus,249300,400,251483,405
97001,localizer,1,186,iti,249700,300,251888,305
97001,localizer,1,187,stimulus,250000,400,252193,406
97001,localizer,1,187,iti,250400,300,252599,307
97001,localizer,1,188,stimulus,250700,400,252906,408
97001,localizer,1,188,iti,251100,300,253314,307
97001,localizer,1,189,stimulus,251400,400,253621,408
97001,localizer,1,189,iti,251800,300,254029,308
97001,localizer,1,190,stimulus,252100,400,254337,407
97001,localizer,1,190,iti,252500,300,254744,306
97001,localizer,1,191,stimulus,252800,400,255050,405
97001,localizer,1,191,iti,253200,300,255455,307
97001,localizer,1,192,stimulus,253500,400,255762,406
97001,localizer,1,192,iti,253900,300,256168,305
97001,localizer,1,193,stimulus,254200,400,256473,405
97001,localizer,1,193,iti,254600,300,256878,305
97001,localizer,1,194,stimulus,254900,400,257183,406
97001,localizer,1,194,iti,255300,300,257589,305
97001,localizer,1,195,stimulus,255600,400,257894,406
97001,localizer,1,195,iti,256000,300,258300,305
97001,localizer,1,196,stimulus,256300,400,258605,406
97001,localizer,1,196,iti,256700,300,259011,306
97001,localizer,1,197,stimulus,257000,400,259317,406
97001,localizer,1,197,iti,257400,300,259723,305
97001,localizer,1,198,stimulus,257700,400,260028,404
97001,localizer,1,198,iti,258100,300,260432,306
97001,localizer,1,199,stimulus,258400,400,260738,406
97001,localizer,1,199,iti,258800,300,261144,305
97001,localizer,1,200,stimulus,259100,400,261449,406
97001,localizer,1,200,iti,259500,300,261855,305
97001,localizer,1,201,stimulus,259800,400,262160,406
97001,localizer,1,201,iti,260200,300,262566,307
97001,localizer,1,202,stimulus,260500,400,262873,407
97001,localizer,1,202,iti,260900,300,263280,307
97001,localizer,1,203,stimulus,261200,400,263587,406
97001,localizer,1,203,iti,261600,300,263993,305
97001,localizer,1,204,stimulus,261900,400,264298,405
97001,localizer,1,204,iti,262300,300,264703,306
97001,localizer,1,205,stimulus,262600,400,265009,407
97001,localizer,1,205,iti,263000,14000,265416,14006
97001,localizer,1,206,stimulus,277000,400,279422,408
97001,localizer,1,206,iti,277400,300,279830,304
97001,localizer,1,207,stimulus,277700,400,280134,406
97001,localizer,1,207,iti,278100,300,280540,306
97001,localizer,1,208,stimulus,278400,400,280846,406
97001,localizer,1,208,iti,278800,300,281252,305
97001,localizer,1,209,stimulus,279100,400,281557,406
97001,localizer,1,209,iti,279500,300,281963,305
97001,localizer,1,210,stimulus,279800,400,282268,406
97001,localizer,1,210,iti,280200,300,282674,306
97001,localizer,1,211,stimulus,280500,400,282980,405
97001,localizer,1,211,iti,280900,300,283385,304
97001,localizer,1,212,stimulus,281200,400,283689,406
97001,localizer,1,212,iti,281600,300,284095,305
97001,localizer,1,213,stimulus,281900,400,284400,406
97001,localizer,1,213,iti,282300,300,284806,305
97001,localizer,1,214,stimulus,282600,400,285111,406
97001,localizer,1,214,iti,283000,300,285517,307
97001,localizer,1,215,stimulus,283300,400,285824,407
97001,localizer,1,215,iti,283700,300,286231,305
97001,localizer,1,216,stimulus,284000,400,286536,405
97001,localizer,1,216,iti,284400,300,286941,307
97001,localizer,1,217,stimulus,284700,400,287248,405
97001,localizer,1,217,iti,285100,300,287653,306
97001,localizer,1,218,stimulus,285400,400,287959,405
97001,localizer,1,218,iti,285800,300,288364,307
97001,localizer,1,219,stimulus,286100,400,288671,407
97001,localizer,1,219,iti,286500,300,289078,307
97001,localizer,1,220,stimulus,286800,400,289385,405
97001,localizer,1,220,iti,287200,300,289790,307
97001,localizer,1,221,stimulus,287500,400,290097,406
97001,localizer,1,221,iti,287900,300,290503,305
97001,localizer,1,222,stimulus,288200,400,290808,408
97001,localizer,1,222,iti,288600,300,291216,306
97001,localizer,1,223,stimulus,288900,400,291522,405
97001,localizer,1,223,iti,289300,300,291927,319
97001,localizer,1,224,stimulus,289600,400,292246,405
97001,localizer,1,224,iti,290000,300,292651,305
97001,localizer,1,225,stimulus,290300,400,292956,406
97001,localizer,1,225,iti,290700,14000,293362,14004
97001,localizer,1,226,stimulus,304700,400,307366,407
97001,localizer,1,226,iti,305100,300,307773,306
97001,localizer,1,227,stimulus,305400,400,308079,406
97001,localizer,1,227,iti,305800,300,308485,306
97001,localizer,1,228,stimulus,306100,400,308791,404
97001,localizer,1,228,iti,306500,300,309195,306
97001,localizer,1,229,stimulus,306800,400,309501,406
97001,localizer,1,229,iti,307200,300,309907,305
97001,localizer,1,230,stimulus,307500,400,310212,406
97001,localizer,1,230,iti,307900,300,310618,307
97001,localizer,1,231,stimulus,308200,400,310925,407
97001,localizer,1,231,iti,308600,300,311332,305
97001,localizer,1,232,stimulus,308900,400,311637,408
97001,localizer,1,232,iti,309300,300,312045,305
97001,localizer,1,233,stimulus,309600,400,312350,407
97001,localizer,1,233,iti,310000,300,312757,305
97001,localizer,1,234,stimulus,310300,400,313062,408
97001,localizer,1,234,iti,310700,300,313470,306
97001,localizer,1,235,stimulus,311000,400,313776,409
97001,localizer,1,235,iti,311400,300,314185,306
97001,localizer,1,236,stimulus,311700,400,314491,407
97001,localizer,1,236,iti,312100,300,314898,304
97001,localizer,1,237,stimulus,312400,400,315202,406
97001,localizer,1,237,iti,312800,300,315608,308
97001,localizer,1,238,stimulus,313100,400,315916,405
97001,localizer,1,238,iti,313500,300,316321,306
97001,localizer,1,239,stimulus,313800,400,316627,408
97001,localizer,1,239,iti,314200,300,317035,305
97001,localizer,1,240,stimulus,314500,400,317340,406
97001,localizer,1,240,iti,314900,300,317746,305
97001,localizer,1,241,stimulus,315200,400,318051,406
97001,localizer,1,241,iti,315600,300,318457,305
97001,localizer,1,242,stimulus,315900,400,318762,406
97001,localizer,1,242,iti,316300,300,319168,305
97001,localizer,1,243,stimulus,316600,400,319473,406
97001,localizer,1,243,iti,317000,300,319879,305
97001,localizer,1,244,stimulus,317300,400,320184,406
97001,localizer,1,244,iti,317700,300,320590,305
97001,localizer,1,245,stimulus,318000,400,320895,406
97001,localizer,1,245,iti,318400,14000,321301,14007
97001,deliberation,0,0,choice,332400,3000,335308,3006
97001,deliberation,0,0,no_response,335400,300,338314,339
97001,deliberation,0,0,iti,335700,1200,338653,1208
97001,deliberation,0,0,choice,336900,744,339861,751
97001,deliberation,0,0,choice_confirmation,337644,2256,340612,2264
97001,deliberation,0,0,iti,339900,1200,342876,1207
97001,deliberation,0,1,scramble,341100,2500,344083,2507
97001,deliberation,0,1,scramble_prompt,343600,416,346590,422
97001,deliberation,0,1,scramble_confirmation,344016,84,347012,92
97001,deliberation,0,1,iti,344100,2500,347104,2506
97001,deliberation,0,2,scramble,346600,1500,349610,1508
97001,deliberation,0,2,scramble_prompt,348100,456,351118,462
97001,deliberation,0,2,scramble_confirmation,348556,1044,351580,1049
97001,deliberation,0,2,iti,349600,3000,352629,3006
97001,deliberation,0,3,choice,352600,1564,355635,1569
97001,deliberation,0,3,choice_confirmation,354164,1436,357204,1443
97001,deliberation,0,3,iti,355600,2000,358647,2006
97001,deliberation,1,4,scramble,0,1500,0,1506
97001,deliberation,1,4,scramble_prompt,1500,498,1506,503
97001,deliberation,1,4,scramble_confirmation,1998,1002,2009,1008
97001,deliberation,1,4,iti,3000,3500,3017,3505
97001,deliberation,1,5,scramble,6500,1300,6522,1307
97001,deliberation,1,5,scramble_prompt,7800,813,7829,819
97001,deliberation,1,5,scramble_confirmation,8613,887,8648,894
97001,deliberation,1,5,iti,9500,2700,9542,2705
97001,deliberation,1,6,choice,12200,1043,12247,1050
97001,deliberation,1,6,choice_confirmation,13243,1957,13297,1964
97001,deliberation,1,6,iti,15200,1000,15261,1006
97001,deliberation,1,7,scramble,16200,1600,16267,1606
97001,deliberation,1,7,scramble_prompt,17800,530,17873,535
97001,deliberation,1,7,scramble_confirmation,18330,870,18408,876
97001,deliberation,1,7,iti,19200,2800,19284,2806
97001,deliberation,1,8,choice,22000,1064,22090,1070
97001,deliberation,1,8,choice_confirmation,23064,1936,23160,1943
97001,deliberation,1,8,iti,25000,1000,25103,1005
97001,deliberation,1,9,choice,26000,1567,26108,1572
97001,deliberation,1,9,choice_confirmation,27567,1433,27680,1440
97001,deliberation,1,9,iti,29000,1600,29120,1605
97001,deliberation,1,10,scramble,30600,2000,30725,2007
97001,deliberation,1,10,scramble_prompt,32600,463,32732,468
97001,deliberation,1,10,scramble_confirmation,33063,537,33200,543
97001,deliberation,1,10,iti,33600,2900,33743,2908
97001,deliberation,1,11,choice,36500,1433,36651,1441
97001,deliberation,1,11,choice_confirmation,37933,1567,38092,1576
97001,deliberation,1,11,iti,39500,1200,39668,1206
97001,deliberation,1,12,scramble,40700,1500,40874,1507
97001,deliberation,1,12,scramble_prompt,42200,541,42381,547
97001,deliberation,1,12,scramble_confirmation,42741,959,42928,967
97001,deliberation,1,12,iti,43700,1100,43895,1106
97001,deliberation,1,13,choice,44800,1402,45001,1408
97001,deliberation,1,13,choice_confirmation,46202,1598,46409,1604
97001,deliberation,1,13,iti,47800,2500,48013,2511
97001,deliberation,1,14,scramble,50300,1800,50524,1808
97001,deliberation,1,14,scramble_prompt,52100,367,52332,372
97001,deliberation,1,14,scramble_confirmation,52467,833,52704,838
97001,deliberation,1,14,iti,53300,1100,53542,1106
97001,deliberation,1,15,choice,54400,1795,54648,1800
97001,deliberation,1,15,choice_confirmation,56195,1205,56448,1215
97001,deliberation,1,15,iti,57400,1500,57663,1506
97001,deliberation,1,16,scramble,58900,1300,59169,1306
97001,deliberation,1,16,scramble_prompt,60200,447,60475,453
97001,deliberation,1,16,scramble_confirmation,60647,1253,60928,1260
97001,deliberation,1,16,iti,61900,1800,62188,1807
97001,deliberation,1,17,choice,63700,1271,63995,1277
97001,deliberation,1,17,choice_confirmation,64971,1729,65272,1735
97001,deliberation,1,17,iti,66700,3600,67007,3605
97001,deliberation,1,18,scramble,70300,1900,70612,1906
97001,deliberation,1,18,scramble_prompt,72200,484,72518,491
97001,deliberation,1,18,scramble_confirmation,72684,616,73009,622
97001,deliberation,1,18,iti,73300,1300,73631,1306
97001,deliberation,1,19,choice,74600,1113,74937,1119
97001,deliberation,1,19,choice_confirmation,75713,1887,76056,1894
97001,deliberation,1,19,iti,77600,1900,77950,1906
97001,deliberation,1,20,scramble,79500,700,79856,705
97001,deliberation,1,20,scramble_prompt,80200,657,80561,662
97001,deliberation,1,20,scramble_confirmation,80857,1643,81223,1649
97001,deliberation,1,20,iti,82500,1400,82872,1405
97001,deliberation,1,21,scramble,83900,1100,84277,1108
97001,deliberation,1,21,scramble_prompt,85000,673,85385,678
97001,deliberation,1,21,scramble_confirmation,85673,1227,86063,1233
97001,deliberation,1,21,iti,86900,1200,87296,1206
97001,deliberation,1,22,choice,88100,3000,88502,3009
97001,deliberation,1,22,no_response,91100,300,91511,307
97001,deliberation,1,22,iti,91400,1900,91818,1906
97001,deliberation,1,23,choice,93300,1558,93724,1565
97001,deliberation,1,23,choice_confirmation,94858,1442,95289,1449
97001,deliberation,1,23,iti,96300,1300,96738,1307
97001,deliberation,1,24,scramble,97600,1000,98045,1008
97001,deliberation,1,24,scramble_prompt,98600,982,99053,987
97001,deliberation,1,24,scramble_confirmation,99582,1018,100040,1024
97001,deliberation,1,24,iti,100600,1300,101064,1308
97001,deliberation,1,25,scramble,101900,1300,102372,1307
97001,deliberation,1,25,scramble_prompt,103200,1321,103679,1329
97001,deliberation,1,25,scramble_confirmation,104521,379,105008,385
97001,deliberation,1,25,iti,104900,2400,105393,2405
97001,deliberation,1,26,choice,107300,1388,107798,1393
97001,deliberation,1,26,choice_confirmation,108688,1612,109191,1618
97001,deliberation,1,26,iti,110300,2900,110809,2908
97001,deliberation,1,27,choice,113200,1188,113717,1194
97001,deliberation,1,27,choice_confirmation,114388,1812,114911,1819
97001,deliberation,1,27,iti,116200,1000,116730,1007
97001,deliberation,1,28,scramble,117200,700,117737,706
97001,deliberation,1,28,scramble_prompt,117900,502,118443,510
97001,deliberation,1,28,scramble_confirmation,118402,1798,118953,1805
97001,deliberation,1,28,iti,120200,1800,120758,1806
97001,deliberation,1,29,choice,122000,1094,122564,1099
97001,deliberation,1,29,choice_confirmation,123094,1906,123663,1912
97001,deliberation,1,29,iti,125000,2800,125575,2807
97001,deliberation,1,30,scramble,127800,1200,128382,1206
97001,deliberation,1,30,scramble_prompt,129000,494,129588,501
97001,deliberation,1,30,scramble_confirmation,129494,1306,130089,1313
97001,deliberation,1,30,iti,130800,2100,131402,2106
97001,deliberation,1,31,choice,132900,781,133508,787
97001,deliberation,1,31,choice_confirmation,133681,2219,134295,2230
97001,deliberation,1,31,iti,135900,3100,136525,3105
97001,deliberation,1,32,scramble,139000,1300,139630,1307
97001,deliberation,1,32,scramble_prompt,140300,497,140937,502
97001,deliberation,1,32,scramble_confirmation,140797,1203,141439,1210
97001,deliberation,1,32,iti,142000,2300,142649,2306
97001,deliberation,1,33,choice,144300,1103,144955,1108
97001,deliberation,1,33,choice_confirmation,145403,1897,146063,1905
97001,deliberation,1,33,iti,147300,1900,147968,1906
97001,deliberation,1,34,scramble,149200,1800,149874,1805
97001,deliberation,1,34,scramble_prompt,151000,563,151679,569
97001,deliberation,1,34,scramble_confirmation,151563,637,152248,642
97001,deliberation,1,34,iti,152200,2700,152890,2706
97001,deliberation,1,35,choice,154900,1237,155596,1242
97001,deliberation,1,35,choice_confirmation,156137,1763,156838,1769
97001,deliberation,1,35,iti,157900,1000,158607,1007
97001,deliberation,1,36,choice,158900,955,159614,960
97001,deliberation,1,36,choice_confirmation,159855,2045,160574,2051
97001,deliberation,1,36,iti,161900,2400,162625,2406
97001,deliberation,1,37,scramble,164300,1300,165031,1308
97001,deliberation,1,37,scramble_prompt,165600,399,166339,404
97001,deliberation,1,37,scramble_confirmation,165999,1301,166743,1308
97001,deliberation,1,37,iti,167300,3400,168051,3407
97001,deliberation,1,38,scramble,170700,1800,171458,1806
97001,deliberation,1,38,scramble_prompt,172500,432,173264,437
97001,deliberation,1,38,scramble_confirmation,172932,768,173701,775
97001,deliberation,1,38,iti,173700,1200,174476,1206
97001,deliberation,1,39,choice,174900,1127,175682,1132
97001,deliberation,1,39,choice_confirmation,176027,1873,176814,1880
97001,deliberation,1,39,iti,177900,2000,178694,2005
97001,deliberation,1,40,choice,179900,805,180699,811
97001,deliberation,1,40,choice_confirmation,180705,2195,181510,2201
97001,deliberation,1,40,iti,182900,1600,183711,1606
97001,deliberation,1,41,scramble,184500,1900,185317,1909
97001,deliberation,1,41,scramble_prompt,186400,406,187226,412
97001,deliberation,1,41,scramble_confirmation,186806,694,187638,701
97001,deliberation,1,41,iti,187500,2800,188339,2820
97001,deliberation,1,42,scramble,190300,1400,191159,1408
97001,deliberation,1,42,scramble_prompt,191700,313,192567,319
97001,deliberation,1,42,scramble_confirmation,192013,1287,192886,1294
97001,deliberation,1,42,iti,193300,1600,194180,1611
97001,deliberation,1,43,choice,194900,1014,195791,1022
97001,deliberation,1,43,choice_confirmation,195914,1986,196813,1995
97001,deliberation,1,43,iti,197900,1400,198808,1406
97001,deliberation,1,44,choice,199300,786,200214,795
97001,deliberation,1,44,choice_confirmation,200086,2214,201009,2221
97001,deliberation,1,44,iti,202300,1900,203230,1907
97001,deliberation,1,45,scramble,204200,1700,205137,1706
97001,deliberation,1,45,scramble_prompt,205900,477,206843,483
97001,deliberation,1,45,scramble_confirmation,206377,823,207326,831
97001,deliberation,1,45,iti,207200,3000,208157,3007
97001,deliberation,1,46,choice,210200,1061,211164,1065
97001,deliberation,1,46,choice_confirmation,211261,1939,212229,1948
97001,deliberation,1,46,iti,213200,1100,214177,1105
97001,deliberation,1,47,scramble,214300,1000,215282,1006
97001,deliberation,1,47,scramble_prompt,215300,1815,216288,1822
97001,deliberation,1,47,scramble_confirmation,217115,185,218110,191
97001,deliberation,1,47,iti,217300,2000,218301,2005
97001,deliberation,1,48,choice,219300,654,220306,661
97001,deliberation,1,48,choice_confirmation,219954,2346,220967,2352
97001,deliberation,1,48,iti,222300,1100,223319,1107
97001,deliberation,1,49,scramble,223400,1800,224426,1806
97001,deliberation,1,49,scramble_prompt,225200,439,226232,446
97001,deliberation,1,49,scramble_confirmation,225639,761,226678,766
97001,deliberation,1,49,iti,226400,2400,227444,2407
97001,deliberation,1,50,scramble,228800,1600,229851,1608
97001,deliberation,1,50,scramble_prompt,230400,493,231459,503
97001,deliberation,1,50,scramble_confirmation,230893,907,231962,915
97001,deliberation,1,50,iti,231800,2100,232877,2107
97001,deliberation,1,51,choice,233900,1136,234984,1142
97001,deliberation,1,51,choice_confirmation,235036,1864,236126,1871
97001,deliberation,1,51,iti,236900,3100,237997,3115
97001,deliberation,2,52,scramble,0,900,0,909
97001,deliberation,2,52,scramble_prompt,900,441,909,449
97001,deliberation,2,52,scramble_confirmation,1341,1659,1358,1666
97001,deliberation,2,52,iti,3000,1500,3024,1508
97001,deliberation,2,53,scramble,4500,1100,4532,1109
97001,deliberation,2,53,scramble_prompt,5600,413,5641,419
97001,deliberation,2,53,scramble_confirmation,6013,1487,6060,1492
97001,deliberation,2,53,iti,7500,1300,7552,1308
97001,deliberation,2,54,choice,8800,995,8860,1003
97001,deliberation,2,54,choice_confirmation,9795,2005,9863,2014
97001,deliberation,2,54,iti,11800,2300,11877,2306
97001,deliberation,2,55,choice,14100,905,14183,911
97001,deliberation,2,55,choice_confirmation,15005,2095,15094,2103
97001,deliberation,2,55,iti,17100,1400,17197,1408
97001,deliberation,2,56,scramble,18500,1300,18605,1309
97001,deliberation,2,56,scramble_prompt,19800,461,19914,469
97001,deliberation,2,56,scramble_confirmation,20261,1239,20383,1248
97001,deliberation,2,56,iti,21500,3100,21631,3110
97001,deliberation,2,57,choice,24600,2432,24741,2438
97001,deliberation,2,57,choice_confirmation,27032,568,27179,585
97001,deliberation,2,57,iti,27600,1500,27764,1505
97001,deliberation,2,58,choice,29100,850,29269,855
97001,deliberation,2,58,choice_confirmation,29950,2150,30124,2159
97001,deliberation,2,58,iti,32100,1200,32283,1208
97001,deliberation,2,59,scramble,33300,1000,33491,1011
97001,deliberation,2,59,scramble_prompt,34300,626,34502,633
97001,deliberation,2,59,scramble_confirmation,34926,1374,35135,1382
97001,deliberation,2,59,iti,36300,1500,36517,1508
97001,deliberation,2,60,scramble,37800,1100,38025,1111
97001,deliberation,2,60,scramble_prompt,38900,487,39136,493
97001,deliberation,2,60,scramble_confirmation,39387,1413,39629,1421
97001,deliberation,2,60,iti,40800,1500,41050,1508
97001,deliberation,2,61,choice,42300,1024,42558,1035
97001,deliberation,2,61,choice_confirmation,43324,1976,43593,1986
97001,deliberation,2,61,iti,45300,1500,45579,1509
97001,deliberation,2,62,choice,46800,1063,47088,1073
97001,deliberation,2,62,choice_confirmation,47863,1937,48161,1945
97001,deliberation,2,62,iti,49800,3200,50106,3205
97001,deliberation,2,63,scramble,53000,1400,53311,1413
97001,deliberation,2,63,scramble_prompt,54400,454,54724,461
97001,deliberation,2,63,scramble_confirmation,54854,1146,55185,1154
97001,deliberation,2,63,iti,56000,1600,56339,1609
97001,deliberation,2,64,choice,57600,931,57948,940
97001,deliberation,2,64,choice_confirmation,58531,2069,58888,2076
97001,deliberation,2,64,iti,60600,2000,60964,2007
97001,deliberation,2,65,scramble,62600,900,62971,910
97001,deliberation,2,65,scramble_prompt,63500,405,63881,415
97001,deliberation,2,65,scramble_confirmation,63905,1695,64296,1705
97001,deliberation,2,65,iti,65600,1800,66001,1807
97001,deliberation,2,66,scramble,67400,1400,67808,1411
97001,deliberation,2,66,scramble_prompt,68800,452,69219,461
97001,deliberation,2,66,scramble_confirmation,69252,1148,69680,1157
97001,deliberation,2,66,iti,70400,2400,70837,2409
97001,deliberation,2,67,choice,72800,983,73246,993
97001,deliberation,2,67,choice_confirmation,73783,2017,74239,2026
97001,deliberation,2,67,iti,75800,1100,76265,1110
97001,deliberation,2,68,choice,76900,1368,77375,1375
97001,deliberation,2,68,choice_confirmation,78268,1632,78750,1642
97001,deliberation,2,68,iti,79900,3300,80392,3306
97001,deliberation,2,69,scramble,83200,700,83698,709
97001,deliberation,2,69,scramble_prompt,83900,439,84407,449
97001,deliberation,2,69,scramble_confirmation,84339,1861,84856,1869
97001,deliberation,2,69,iti,86200,2200,86725,2209
97001,deliberation,2,70,choice,88400,797,88934,805
97001,deliberation,2,70,choice_confirmation,89197,2203,89739,2208
97001,deliberation,2,70,iti,91400,2000,91947,2006
97001,deliberation,2,71,scramble,93400,1500,93953,1508
97001,deliberation,2,71,scramble_prompt,94900,401,95461,410
97001,deliberation,2,71,scramble_confirmation,95301,1099,95871,1105
97001,deliberation,2,71,iti,96400,2100,96976,2106
97001,deliberation,2,72,choice,98500,724,99082,729
97001,deliberation,2,72,choice_confirmation,99224,2276,99811,2283
97001,deliberation,2,72,iti,101500,1200,102094,1208
97001,deliberation,2,73,scramble,102700,1200,103302,1208
97001,deliberation,2,73,scramble_prompt,103900,511,104510,519
97001,deliberation,2,73,scramble_confirmation,104411,1289,105029,1297
97001,deliberation,2,73,iti,105700,3400,106326,3409
97001,deliberation,2,74,scramble,109100,1100,109735,1109
97001,deliberation,2,74,scramble_prompt,110200,338,110844,344
97001,deliberation,2,74,scramble_confirmation,110538,1562,111188,1568
97001,deliberation,2,74,iti,112100,2300,112756,2305
97001,deliberation,2,75,choice,114400,1136,115061,1141
97001,deliberation,2,75,choice_confirmation,115536,1864,116202,1870
97001,deliberation,2,75,iti,117400,2200,118072,2205
97001,deliberation,2,76,choice,119600,633,120277,638
97001,deliberation,2,76,choice_confirmation,120233,2367,120915,2375
97001,deliberation,2,76,iti,122600,2100,123290,2108
97001,deliberation,2,77,scramble,124700,500,125398,507
97001,deliberation,2,77,scramble_prompt,125200,479,125905,485
97001,deliberation,2,77,scramble_confirmation,125679,2021,126390,2030
97001,deliberation,2,77,iti,127700,1200,128420,1209
97001,deliberation,2,78,choice,128900,629,129629,641
97001,deliberation,2,78,choice_confirmation,129529,2371,130270,2380
97001,deliberation,2,78,iti,131900,3000,132650,3008
97001,deliberation,2,79,choice,134900,938,135658,948
97001,deliberation,2,79,choice_confirmation,135838,2062,136606,2071
97001,deliberation,2,79,iti,137900,1200,138677,1207
97001,deliberation,2,80,scramble,139100,1300,139884,1309
97001,deliberation,2,80,scramble_prompt,140400,371,141193,378
97001,deliberation,2,80,scramble_confirmation,140771,1329,141571,1337
97001,deliberation,2,80,iti,142100,2100,142908,2108
97001,deliberation,2,81,choice,144200,997,145016,1006
97001,deliberation,2,81,choice_confirmation,145197,2003,146022,2012
97001,deliberation,2,81,iti,147200,1300,148034,1308
97001,deliberation,2,82,scramble,148500,1800,149342,1809
97001,deliberation,2,82,scramble_prompt,150300,463,151151,472
97001,deliberation,2,82,scramble_confirmation,150763,737,151623,748
97001,deliberation,2,82,iti,151500,1800,152371,1808
97001,deliberation,2,83,scramble,153300,1000,154179,1012
97001,deliberation,2,83,scramble_prompt,154300,350,155191,359
97001,deliberation,2,83,scramble_confirmation,154650,1650,155550,1659
97001,deliberation,2,83,iti,156300,1300,157209,1309
97001,deliberation,2,84,choice,157600,1071,158518,1080
97001,deliberation,2,84,choice_confirmation,158671,1929,159598,1939
97001,deliberation,2,84,iti,160600,1300,161537,1308
97001,deliberation,2,85,choice,161900,721,162845,729
97001,deliberation,2,85,choice_confirmation,162621,2279,163574,2288
97001,deliberation,2,85,iti,164900,1200,165862,1208
97001,deliberation,2,86,scramble,166100,1500,167070,1510
97001,deliberation,2,86,scramble_prompt,167600,441,168580,450
97001,deliberation,2,86,scramble_confirmation,168041,1059,169030,1066
97001,deliberation,2,86,iti,169100,5000,170096,5007
97001,deliberation,2,87,choice,174100,966,175103,976
97001,deliberation,2,87,choice_confirmation,175066,2034,176079,2042
97001,deliberation,2,87,iti,177100,2100,178121,2110
97001,deliberation,2,88,scramble,179200,1000,180231,1009
97001,deliberation,2,88,scramble_prompt,180200,508,181240,514
97001,deliberation,2,88,scramble_confirmation,180708,1492,181754,1500
97001,deliberation,2,88,iti,182200,2200,183254,2210
97001,deliberation,2,89,scramble,184400,1100,185464,1110
97001,deliberation,2,89,scramble_prompt,185500,410,186574,417
97001,deliberation,2,89,scramble_confirmation,185910,1490,186991,1499
97001,deliberation,2,89,iti,187400,2200,188490,2206
97001,deliberation,2,90,choice,189600,894,190696,903
97001,deliberation,2,90,choice_confirmation,190494,2106,191599,2116
97001,deliberation,2,90,iti,192600,1400,193715,1409
97001,deliberation,2,91,choice,194000,769,195124,778
97001,deliberation,2,91,choice_confirmation,194769,2231,195902,2241
97001,deliberation,2,91,iti,197000,2100,198143,2109
97001,deliberation,2,92,scramble,199100,500,200252,509
97001,deliberation,2,92,scramble_prompt,199600,429,200761,437
97001,deliberation,2,92,scramble_confirmation,200029,2071,201198,2079
97001,deliberation,2,92,iti,202100,1100,203277,1108
97001,deliberation,2,93,choice,203200,812,204385,820
97001,deliberation,2,93,choice_confirmation,204012,2188,205205,2198
97001,deliberation,2,93,iti,206200,1100,207403,1108
97001,deliberation,2,94,scramble,207300,700,208511,710
97001,deliberation,2,94,scramble_prompt,208000,503,209221,512
97001,deliberation,2,94,scramble_confirmation,208503,1797,209733,1806
97001,deliberation,2,94,iti,210300,2700,211539,2708
97001,deliberation,2,95,scramble,213000,100,214247,107
97001,deliberation,2,95,scramble_prompt,213100,627,214354,631
97001,deliberation,2,95,scramble_confirmation,213727,2273,214985,2293
97001,deliberation,2,95,iti,216000,2300,217278,2308
97001,deliberation,2,96,choice,218300,690,219586,699
97001,deliberation,2,96,choice_confirmation,218990,2310,220285,2319
97001,deliberation,2,96,iti,221300,1600,222604,1610
97001,deliberation,2,97,scramble,222900,1500,224214,1510
97001,deliberation,2,97,scramble_prompt,224400,457,225724,465
97001,deliberation,2,97,scramble_confirmation,224857,1043,226189,1051
97001,deliberation,2,97,iti,225900,2600,227240,2607
97001,deliberation,2,98,scramble,228500,200,229847,208
97001,deliberation,2,98,scramble_prompt,228700,437,230055,445
97001,deliberation,2,98,scramble_confirmation,229137,2363,230500,2373
97001,deliberation,2,98,iti,231500,1700,232873,1710
97001,deliberation,2,99,choice,233200,653,234583,662
97001,deliberation,2,99,choice_confirmation,233853,2347,235245,2356
97001,deliberation,2,99,iti,236200,3800,237601,3808
97001,outcome_learning,0,0,gain,240000,1500,241409,1504
97001,outcome_learning,0,0,isi,241500,1000,242913,1006
97001,outcome_learning,0,0,outcome,242500,1500,243919,1507
97001,outcome_learning,0,0,iti,243500,1500,245426,1507
97001,outcome_learning,0,1,no-gain,245000,1500,246933,1508
97001,outcome_learning,0,1,isi,246500,1500,248441,1509
97001,outcome_learning,0,1,outcome,248000,1500,249950,1508
97001,outcome_learning,0,1,iti,249500,1000,251458,1009
97001,outcome_learning,0,2,no-gain,250500,1500,252467,1509
97001,outcome_learning,0,2,isi,252000,1000,253976,1008
97001,outcome_learning,0,2,outcome,253000,1500,254984,1508
97001,outcome_learning,0,2,iti,254000,2000,256492,2009
97001,outcome_learning,0,3,gain,256000,1500,258501,1509
97001,outcome_learning,0,3,isi,257500,2000,260010,2008
97001,outcome_learning,0,3,outcome,259500,1500,262018,1508
97001,outcome_learning,0,3,iti,261500,1000,263526,1009
97001,outcome_learning,1,4,gain,0,1500,0,1508
97001,outcome_learning,1,4,isi,1500,1800,1508,1809
97001,outcome_learning,1,4,outcome,3300,1500,3317,1508
97001,outcome_learning,1,4,iti,5100,4200,4825,4207
97001,outcome_learning,1,5,gain,9300,1500,9032,1511
97001,outcome_learning,1,5,isi,10800,2100,10543,2108
97001,outcome_learning,1,5,outcome,12900,1500,12651,1507
97001,outcome_learning,1,5,iti,15000,1200,14158,1208
97001,outcome_learning,1,6,no_gain,16200,1500,15366,1510
97001,outcome_learning,1,6,isi,17700,1900,16876,1909
97001,outcome_learning,1,6,outcome,19600,1500,18785,1506
97001,outcome_learning,1,6,iti,21500,1100,20291,1108
97001,outcome_learning,1,7,gain,22600,1500,21399,1512
97001,outcome_learning,1,7,isi,24100,1100,22911,1108
97001,outcome_learning,1,7,outcome,25200,1500,24019,1508
97001,outcome_learning,1,7,iti,26300,1000,25527,1008
97001,outcome_learning,1,8,no_gain,27300,1500,26535,1508
97001,outcome_learning,1,8,isi,28800,1400,28043,1408
97001,outcome_learning,1,8,outcome,30200,1500,29451,1508
97001,outcome_learning,1,8,iti,31600,2100,30959,2108
97001,outcome_learning,1,9,gain,33700,1500,33067,1507
97001,outcome_learning,1,9,isi,35200,2000,34574,2008
97001,outcome_learning,1,9,outcome,37200,1500,36582,1508
97001,outcome_learning,1,9,iti,39200,2000,38090,2008
97001,outcome_learning,1,10,no_gain,41200,1500,40098,1510
97001,outcome_learning,1,10,isi,42700,2900,41608,2908
97001,outcome_learning,1,10,outcome,45600,1500,44516,1509
97001,outcome_learning,1,10,iti,48500,1300,46025,1308
97001,outcome_learning,1,11,gain,49800,1500,47333,1510
97001,outcome_learning,1,11,isi,51300,1900,48843,1908
97001,outcome_learning,1,11,outcome,53200,1500,50751,1509
97001,outcome_learning,1,11,iti,55100,1100,52260,1107
97001,outcome_learning,1,12,no_gain,56200,1500,53367,1523
97001,outcome_learning,1,12,isi,57700,1100,54890,1107
97001,outcome_learning,1,12,outcome,58800,1500,55997,1507
97001,outcome_learning,1,12,iti,59900,1100,57504,1109
97001,outcome_learning,1,13,no_gain,61000,1500,58613,1509
97001,outcome_learning,1,13,isi,62500,3200,60122,3207
97001,outcome_learning,1,13,outcome,65700,1500,63329,1508
97001,outcome_learning,1,13,iti,68900,4200,64837,4210
97001,outcome_learning,1,14,gain,73100,1500,69047,1509
97001,outcome_learning,1,14,isi,74600,1000,70556,1008
97001,outcome_learning,1,14,outcome,75600,1500,71564,1509
97001,outcome_learning,1,14,iti,76600,2700,73073,2707
97001,outcome_learning,1,15,no_gain,79300,1500,75780,1510
97001,outcome_learning,1,15,isi,80800,1700,77290,1707
97001,outcome_learning,1,15,outcome,82500,1500,78997,1505
97001,outcome_learning,1,15,iti,84200,1600,80502,1605
97001,outcome_learning,1,16,gain,85800,1500,82107,1509
97001,outcome_learning,1,16,isi,87300,1500,83616,1509
97001,outcome_learning,1,16,outcome,88800,1500,85125,1508
97001,outcome_learning,1,16,iti,90300,1000,86633,1008
97001,outcome_learning,1,17,no_gain,91300,1500,87641,1509
97001,outcome_learning,1,17,isi,92800,1700,89150,1708
97001,outcome_learning,1,17,outcome,94500,1500,90858,1508
97001,outcome_learning,1,17,iti,96200,2700,92366,2708
97001,outcome_learning,1,18,no_gain,98900,1500,95074,1510
97001,outcome_learning,1,18,isi,100400,1500,96584,1508
97001,outcome_learning,1,18,outcome,101900,1500,98092,1508
97001,outcome_learning,1,18,iti,103400,1600,99600,1608
97001,outcome_learning,1,19,no_gain,105000,1500,101208,1511
97001,outcome_learning,1,19,isi,106500,2100,102719,2106
97001,outcome_learning,1,19,outcome,108600,1500,104825,1507
97001,outcome_learning,1,19,iti,110700,1100,106332,1106
97001,outcome_learning,1,20,gain,111800,1500,107438,1508
97001,outcome_learning,1,20,isi,113300,2200,108946,2208
97001,outcome_learning,1,20,outcome,115500,1500,111154,1509
97001,outcome_learning,1,20,iti,117700,3000,112663,3007
97001,outcome_learning,1,21,no_gain,120700,1500,115670,1509
97001,outcome_learning,1,21,isi,122200,1700,117179,1709
97001,outcome_learning,1,21,outcome,123900,1500,118888,1508
97001,outcome_learning,1,21,iti,125600,1300,120396,1308
97001,outcome_learning,1,22,gain,126900,1500,121704,1510
97001,outcome_learning,1,22,isi,128400,1400,123214,1408
97001,outcome_learning,1,22,outcome,129800,1500,124622,1507
97001,outcome_learning,1,22,iti,131200,2700,126129,2708
97001,outcome_learning,1,23,gain,133900,1500,128837,1509
97001,outcome_learning,1,23,isi,135400,3100,130346,3108
97001,outcome_learning,1,23,outcome,138500,1500,133454,1510
97001,outcome_learning,1,23,iti,141600,2000,134964,2005
97001,outcome_learning,1,24,gain,143600,1500,136969,1508
97001,outcome_learning,1,24,isi,145100,1000,138477,1009
97001,outcome_learning,1,24,outcome,146100,1500,139486,1508
97001,outcome_learning,1,24,iti,147100,1300,140994,1307
97001,outcome_learning,1,25,no_gain,148400,1500,142301,1509
97001,outcome_learning,1,25,isi,149900,1600,143810,1608
97001,outcome_learning,1,25,outcome,151500,1500,145418,1508
97001,outcome_learning,1,25,iti,153100,4100,146926,4108
97001,outcome_learning,1,26,no_gain,157200,1500,151034,1508
97001,outcome_learning,1,26,isi,158700,1400,152542,1408
97001,outcome_learning,1,26,outcome,160100,1500,153950,1508
97001,outcome_learning,1,26,iti,161500,2800,155458,2808
97001,outcome_learning,1,27,gain,164300,1500,158266,1514
97001,outcome_learning,1,27,isi,165800,1200,159780,1208
97001,outcome_learning,1,27,outcome,167000,1500,160988,1508
97001,outcome_learning,1,27,iti,168200,1000,162496,1008
97001,outcome_learning,1,28,no_gain,169200,1500,163504,1510
97001,outcome_learning,1,28,isi,170700,2100,165014,2106
97001,outcome_learning,1,28,outcome,172800,1500,167120,1513
97001,outcome_learning,1,28,iti,174900,1600,168633,1612
97001,outcome_learning,1,29,no_gain,176500,1500,170245,1511
97001,outcome_learning,1,29,isi,178000,3200,171756,3208
97001,outcome_learning,1,29,outcome,181200,1500,174964,1508
97001,outcome_learning,1,29,iti,184400,1000,176472,1008
97001,outcome_learning,1,30,gain,185400,1500,177480,1510
97001,outcome_learning,1,30,isi,186900,1400,178990,1408
97001,outcome_learning,1,30,outcome,188300,1500,180398,1508
97001,outcome_learning,1,30,iti,189700,1400,181906,1408
97001,outcome_learning,1,31,no_gain,191100,1500,183314,1509
97001,outcome_learning,1,31,isi,192600,3100,184823,3116
97001,outcome_learning,1,31,outcome,195700,1500,187939,1509
97001,outcome_learning,1,31,iti,198800,3200,189448,3209
97001,outcome_learning,1,32,no_gain,202000,1500,192657,1511
97001,outcome_learning,1,32,isi,203500,2900,194168,2908
97001,outcome_learning,1,32,outcome,206400,1500,197076,1509
97001,outcome_learning,1,32,iti,209300,1700,198585,1707
97001,outcome_learning,1,33,gain,211000,1500,200292,1511
97001,outcome_learning,1,33,isi,212500,2900,201803,2909
97001,outcome_learning,1,33,outcome,215400,1500,204712,1505
97001,outcome_learning,1,33,iti,218300,2200,206217,2205
97001,outcome_learning,1,34,gain,220500,1500,208422,1505
97001,outcome_learning,1,34,isi,222000,1600,209927,1606
97001,outcome_learning,1,34,outcome,223600,1500,211533,1507
97001,outcome_learning,1,34,iti,225200,2800,213040,2816
97001,outcome_learning,1,35,gain,228000,1500,215856,1512
97001,outcome_learning,1,35,isi,229500,1500,217368,1508
97001,outcome_learning,1,35,outcome,231000,1500,218876,1509
97001,outcome_learning,1,35,iti,232500,1900,220385,1907
97001,outcome_learning,1,36,no_gain,234400,1500,222292,1509
97001,outcome_learning,1,36,isi,235900,2500,223801,2509
97001,outcome_learning,1,36,outcome,238400,1500,226310,1508
97001,outcome_learning,1,36,iti,240900,1100,227818,1108
97001,outcome_learning,1,37,no_gain,242000,1500,228926,1510
97001,outcome_learning,1,37,isi,243500,2100,230436,2109
97001,outcome_learning,1,37,outcome,245600,1500,232545,1509
97001,outcome_learning,1,37,iti,247700,1200,234054,1207
97001,outcome_learning,1,38,gain,248900,1500,235261,1510
97001,outcome_learning,1,38,isi,250400,2900,236771,2908
97001,outcome_learning,1,38,outcome,253300,1500,239679,1509
97001,outcome_learning,1,38,iti,256200,2600,241188,2608
97001,outcome_learning,1,39,gain,258800,1500,243796,1510
97001,outcome_learning,1,39,isi,260300,3300,245306,3309
97001,outcome_learning,1,39,outcome,263600,1500,248615,1508
97001,outcome_learning,1,39,iti,266900,3100,250123,3108
97001,outcome_learning,2,40,no_gain,0,1500,0,1509
97001,outcome_learning,2,40,isi,1500,3000,1509,3012
97001,outcome_learning,2,40,outcome,4500,1500,4521,1508
97001,outcome_learning,2,40,iti,7500,4000,6029,4009
97001,outcome_learning,2,41,gain,11500,1500,10038,1511
97001,outcome_learning,2,41,isi,13000,2000,11549,2008
97001,outcome_learning,2,41,outcome,15000,1500,13557,1506
97001,outcome_learning,2,41,iti,17000,1000,15063,1007
97001,outcome_learning,2,42,gain,18000,1500,16070,1509
97001,outcome_learning,2,42,isi,19500,2000,17579,2006
97001,outcome_learning,2,42,outcome,21500,1500,19585,1509
97001,outcome_learning,2,42,iti,23500,1600,21094,1607
97001,outcome_learning,2,43,gain,25100,1500,22701,1510
97001,outcome_learning,2,43,isi,26600,2300,24211,2308
97001,outcome_learning,2,43,outcome,28900,1500,26519,1508
97001,outcome_learning,2,43,iti,31200,1100,28027,1108
97001,outcome_learning,2,44,no_gain,32300,1500,29135,1510
97001,outcome_learning,2,44,isi,33800,2300,30645,2307
97001,outcome_learning,2,44,outcome,36100,1500,32952,1509
97001,outcome_learning,2,44,iti,38400,1300,34461,1308
97001,outcome_learning,2,45,no_gain,39700,1500,35769,1510
97001,outcome_learning,2,45,isi,41200,1500,37279,1508
97001,outcome_learning,2,45,outcome,42700,1500,38787,1508
97001,outcome_learning,2,45,iti,44200,2000,40295,2008
97001,outcome_learning,2,46,gain,46200,1500,42303,1507
97001,outcome_learning,2,46,isi,47700,2000,43810,2007
97001,outcome_learning,2,46,outcome,49700,1500,45817,1509
97001,outcome_learning,2,46,iti,51700,4300,47326,4307
97001,outcome_learning,2,47,gain,56000,1500,51633,1508
97001,outcome_learning,2,47,isi,57500,3300,53141,3309
97001,outcome_learning,2,47,outcome,60800,1500,56450,1508
97001,outcome_learning,2,47,iti,64100,1300,57958,1309
97001,outcome_learning,2,48,no_gain,65400,1500,59267,1508
97001,outcome_learning,2,48,isi,66900,2200,60775,2209
97001,outcome_learning,2,48,outcome,69100,1500,62984,1508
97001,outcome_learning,2,48,iti,71300,2300,64492,2308
97001,outcome_learning,2,49,no_gain,73600,1500,66800,1509
97001,outcome_learning,2,49,isi,75100,1100,68309,1108
97001,outcome_learning,2,49,outcome,76200,1500,69417,1507
97001,outcome_learning,2,49,iti,77300,1400,70924,1408
97001,outcome_learning,2,50,gain,78700,1500,72332,1510
97001,outcome_learning,2,50,isi,80200,1400,73842,1407
97001,outcome_learning,2,50,outcome,81600,1500,75249,1508
97001,outcome_learning,2,50,iti,83000,2500,76757,2509
97001,outcome_learning,2,51,no_gain,85500,1500,79266,1509
97001,outcome_learning,2,51,isi,87000,2300,80775,2308
97001,outcome_learning,2,51,outcome,89300,1500,83083,1509
97001,outcome_learning,2,51,iti,91600,1800,84592,1808
97001,outcome_learning,2,52,no_gain,93400,1500,86400,1509
97001,outcome_learning,2,52,isi,94900,2000,87909,2008
97001,outcome_learning,2,52,outcome,96900,1500,89917,1508
97001,outcome_learning,2,52,iti,98900,3700,91425,3706
97001,outcome_learning,2,53,no_gain,102600,1500,95131,1508
97001,outcome_learning,2,53,isi,104100,1400,96639,1408
97001,outcome_learning,2,53,outcome,105500,1500,98047,1507
97001,outcome_learning,2,53,iti,106900,1400,99554,1408
97001,outcome_learning,2,54,gain,108300,1500,100962,1510
97001,outcome_learning,2,54,isi,109800,1100,102472,1108
97001,outcome_learning,2,54,outcome,110900,1500,103580,1508
97001,outcome_learning,2,54,iti,112000,1600,105088,1608
97001,outcome_learning,2,55,no_gain,113600,1500,106696,1511
97001,outcome_learning,2,55,isi,115100,2700,108207,2707
97001,outcome_learning,2,55,outcome,117800,1500,110914,1510
97001,outcome_learning,2,55,iti,120500,1300,112424,1305
97001,outcome_learning,2,56,gain,121800,1500,113729,1508
97001,outcome_learning,2,56,isi,123300,1100,115237,1109
97001,outcome_learning,2,56,outcome,124400,1500,116346,1508
97001,outcome_learning,2,56,iti,125500,1300,117854,1309
97001,outcome_learning,2,57,no_gain,126800,1500,119163,1509
97001,outcome_learning,2,57,isi,128300,1200,120672,1209
97001,outcome_learning,2,57,outcome,129500,1500,121881,1508
97001,outcome_learning,2,57,iti,130700,1100,123389,1106
97001,outcome_learning,2,58,gain,131800,1500,124495,1507
97001,outcome_learning,2,58,isi,133300,1400,126002,1409
97001,outcome_learning,2,58,outcome,134700,1500,127411,1518
97001,outcome_learning,2,58,iti,136100,1500,128929,1508
97001,outcome_learning,2,59,gain,137600,1500,130437,1508
97001,outcome_learning,2,59,isi,139100,2000,131945,2006
97001,outcome_learning,2,59,outcome,141100,1500,133951,1506
97001,outcome_learning,2,59,iti,143100,4200,135457,4209
97001,outcome_learning,2,60,no_gain,147300,1500,139666,1511
97001,outcome_learning,2,60,isi,148800,1300,141177,1308
97001,outcome_learning,2,60,outcome,150100,1500,142485,1509
97001,outcome_learning,2,60,iti,151400,1400,143994,1406
97001,outcome_learning,2,61,gain,152800,1500,145400,1508
97001,outcome_learning,2,61,isi,154300,1200,146908,1208
97001,outcome_learning,2,61,outcome,155500,1500,148116,1508
97001,outcome_learning,2,61,iti,156700,1500,149624,1506
97001,outcome_learning,2,62,gain,158200,1500,151130,1519
97001,outcome_learning,2,62,isi,159700,1800,152649,1808
97001,outcome_learning,2,62,outcome,161500,1500,154457,1508
97001,outcome_learning,2,62,iti,163300,1000,155965,1008
97001,outcome_learning,2,63,no_gain,164300,1500,156973,1510
97001,outcome_learning,2,63,isi,165800,2900,158483,2909
97001,outcome_learning,2,63,outcome,168700,1500,161392,1508
97001,outcome_learning,2,63,iti,171600,1800,162900,1810
97001,outcome_learning,2,64,gain,173400,1500,164710,1510
97001,outcome_learning,2,64,isi,174900,1400,166220,1408
97001,outcome_learning,2,64,outcome,176300,1500,167628,1509
97001,outcome_learning,2,64,iti,177700,1400,169137,1407
97001,outcome_learning,2,65,no_gain,179100,1500,170544,1510
97001,outcome_learning,2,65,isi,180600,1800,172054,1808
97001,outcome_learning,2,65,outcome,182400,1500,173862,1508
97001,outcome_learning,2,65,iti,184200,3300,175370,3309
97001,outcome_learning,2,66,gain,187500,1500,178679,1510
97001,outcome_learning,2,66,isi,189000,2500,180189,2509
97001,outcome_learning,2,66,outcome,191500,1500,182698,1508
97001,outcome_learning,2,66,iti,194000,2200,184206,2208
97001,outcome_learning,2,67,gain,196200,1500,186414,1510
97001,outcome_learning,2,67,isi,197700,2900,187924,2909
97001,outcome_learning,2,67,outcome,200600,1500,190833,1509
97001,outcome_learning,2,67,iti,203500,1200,192342,1206
97001,outcome_learning,2,68,no_gain,204700,1500,193548,1509
97001,outcome_learning,2,68,isi,206200,1600,195057,1608
97001,outcome_learning,2,68,outcome,207800,1500,196665,1509
97001,outcome_learning,2,68,iti,209400,2500,198174,2507
97001,outcome_learning,2,69,gain,211900,1500,200681,1511
97001,outcome_learning,2,69,isi,213400,2300,202192,2308
97001,outcome_learning,2,69,outcome,215700,1500,204500,1508
97001,outcome_learning,2,69,iti,218000,2600,206008,2609
97001,outcome_learning,2,70,no_gain,220600,1500,208617,1510
97001,outcome_learning,2,70,isi,222100,2700,210127,2709
97001,outcome_learning,2,70,outcome,224800,1500,212836,1508
97001,outcome_learning,2,70,iti,227500,2200,214344,2208
97001,outcome_learning,2,71,no_gain,229700,1500,216552,1510
97001,outcome_learning,2,71,isi,231200,2500,218062,2508
97001,outcome_learning,2,71,outcome,233700,1500,220570,1509
97001,outcome_learning,2,71,iti,236200,4600,222079,4608
97001,outcome_learning,2,72,gain,240800,1500,226687,1510
97001,outcome_learning,2,72,isi,242300,2100,228197,2108
97001,outcome_learning,2,72,outcome,244400,1500,230305,1507
97001,outcome_learning,2,72,iti,246500,1100,231812,1109
97001,outcome_learning,2,73,no_gain,247600,1500,232921,1510
97001,outcome_learning,2,73,isi,249100,3300,234431,3308
97001,outcome_learning,2,73,outcome,252400,1500,237739,1509
97001,outcome_learning,2,73,iti,255700,1400,239248,1408
97001,outcome_learning,2,74,gain,257100,1500,240656,1510
97001,outcome_learning,2,74,isi,258600,2200,242166,2206
97001,outcome_learning,2,74,outcome,260800,1500,244372,1508
97001,outcome_learning,2,74,iti,263000,1700,245880,1708
97001,outcome_learning,2,75,no_gain,264700,1500,247588,1510
97001,outcome_learning,2,75,isi,266200,1200,249098,1205
97001,outcome_learning,2,75,outcome,267400,1500,250303,1507
97001,outcome_learning,2,75,iti,268600,1400,251810,1409