"","X","PID","index","time_elapsed","stimulus_left","stimulus_right","old_pair","old_response","rt_pairs","chosen_object","rt_object","object_choice_response","object_choice_acc"
"1",1,"1ae5n",1,1725184,24,22,1,1,0.975,24,2.081,24,1
"2",2,"1ae5n",11,1763431,7,48,1,1,1.234,7,0.374,7,1
"3",3,"1ae5n",14,1776082,1,13,1,1,1.78,1,0.663,1,1
"4",4,"1ae5n",16,1784130,8,3,1,1,2.522,8,1.174,8,1
"5",5,"1ae5n",17,1789054,2,49,1,1,1.719,2,0.408,2,1
"6",6,"1ae5n",18,1795305,36,22,0,1,3.798,NA,2.505,36,NA
"7",7,"1ae5n",19,1800794,24,49,0,1,0.944,NA,1.165,24,NA
"8",8,"1ae5n",2,1730147,45,2,0,1,0.848,NA,2.189,2,NA
"9",9,"1ae5n",20,1805021,3,46,0,1,1.022,NA,1.191,46,NA
"10",10,"1ae5n",21,1809113,41,27,1,1,0.869,41,1.948,41,1
"11",11,"1ae5n",22,1814053,17,15,1,1,0.947,17,0.647,17,1
"12",12,"1ae5n",23,1817996,26,37,1,1,1.247,37,0.627,37,1
"13",13,"1ae5n",5,1740888,33,8,0,1,1.164,NA,1.055,8,NA
"14",14,"1ae5n",6,1744783,27,39,0,1,0.79,NA,0.562,39,NA
"15",15,"1ae5n",7,1748936,16,37,0,1,1.558,NA,0.641,37,NA
"16",16,"1ae5n",9,1756460,40,33,1,1,1.961,40,0.877,40,1
"17",17,"1K9vK",0,1838283,39,21,0,1,2.193,NA,3.198,39,NA
"18",18,"1K9vK",1,1844597,8,3,0,1,1.078,NA,0.45,8,NA
"19",19,"1K9vK",10,1877049,42,45,0,1,0.961,NA,0.447,42,NA
"20",20,"1K9vK",11,1880351,49,16,0,1,0.801,NA,0.381,16,NA
"21",21,"1K9vK",12,1883661,21,36,1,1,0.867,36,1.47,21,0
"22",22,"1K9vK",14,1892116,34,42,1,1,1.444,42,0.627,42,1
"23",23,"1K9vK",16,1899423,25,4,1,1,2.299,25,0.407,25,1
"24",24,"1K9vK",17,1902805,27,16,1,1,0.94,16,0.376,16,1
"25",25,"1K9vK",18,1906375,30,2,0,1,1.161,NA,0.447,2,NA
"26",26,"1K9vK",19,1909587,13,36,0,1,0.721,NA,0.368,36,NA
"27",27,"1K9vK",2,1847787,14,30,1,1,0.688,14,0.558,14,1
"28",28,"1K9vK",22,1916546,47,26,0,1,0.774,NA,0.411,26,NA
"29",29,"1K9vK",3,1851536,26,35,1,1,1.147,26,0.371,26,1
"30",30,"1K9vK",4,1854942,49,8,1,1,0.974,8,0.475,8,1
"31",31,"1K9vK",5,1858719,25,41,0,1,1.233,NA,1.063,41,NA
"32",32,"1K9vK",6,1862725,27,24,0,1,0.903,NA,0.714,24,NA
"33",33,"1K9vK",7,1866544,4,40,0,1,1.072,NA,0.428,40,NA
"34",34,"1K9vK",8,1870110,45,11,1,1,1.086,11,0.534,11,1
"35",35,"1K9vK",9,1873485,39,47,1,1,0.792,39,0.568,39,1
"36",36,"1pow4",0,1395560,37,17,1,1,3.064,17,2.06,17,1
"37",37,"1pow4",1,1401584,24,44,1,1,1.892,24,0.878,44,0
"38",38,"1pow4",13,1445192,26,19,1,1,1.037,26,0.225,26,1
"39",39,"1pow4",15,1451280,18,23,1,1,1.126,18,0.468,18,1
"40",40,"1pow4",18,1460752,28,41,0,1,1.258,NA,0.106,28,NA
"41",41,"1pow4",19,1463767,1,33,1,1,0.864,1,1.421,1,1
"42",42,"1pow4",20,1469273,13,39,1,1,2.02,13,0.197,13,1
"43",43,"1pow4",21,1473344,8,1,0,1,1.807,NA,1.254,1,NA
"44",44,"1pow4",23,1480456,18,44,0,1,1.078,NA,0.612,18,NA
"45",45,"1pow4",3,1410128,47,21,0,1,2.14,NA,0.275,47,NA
"46",46,"1pow4",4,1413984,33,17,0,1,1.527,NA,0.253,17,NA
"47",47,"1pow4",7,1425256,40,19,0,1,2.393,NA,0.317,40,NA
"48",48,"1pow4",9,1432423,5,40,1,1,1.51,40,0.214,40,1
"49",49,"6mfmY",0,1787653,36,33,1,1,4.81,33,3.446,33,1
"50",50,"6mfmY",1,1794104,49,29,1,1,0.99,29,0.606,29,1
"51",51,"6mfmY",10,1828217,43,19,1,1,0.88,19,1.177,19,1
"52",52,"6mfmY",11,1832106,21,27,0,1,0.698,NA,0.973,27,NA
"53",53,"6mfmY",12,1835832,0,45,1,1,0.74,45,1.068,0,0
"54",54,"6mfmY",15,1844308,21,38,1,1,0.814,38,1.157,21,0
"55",55,"6mfmY",16,1848294,30,0,0,1,0.81,NA,0.715,0,NA
"56",56,"6mfmY",17,1851531,43,33,0,1,0.505,NA,0.778,33,NA
"57",57,"6mfmY",18,1854935,15,26,0,1,0.617,NA,0.803,26,NA
"58",58,"6mfmY",19,1858401,39,9,1,1,0.644,9,0.399,9,1
"59",59,"6mfmY",2,1797283,8,48,0,1,0.561,NA,0.558,48,NA
"60",60,"6mfmY",20,1861385,32,20,0,1,0.575,NA,0.797,20,NA
"61",61,"6mfmY",22,1880087,20,26,1,1,1.127,20,0.823,20,1
"62",62,"6mfmY",23,1883420,9,36,0,1,0.497,NA,0.504,36,NA
"63",63,"6mfmY",3,1801628,19,12,0,1,1.775,NA,0.642,12,NA
"64",64,"6mfmY",4,1804904,24,29,0,1,0.624,NA,0.83,29,NA
"65",65,"6mfmY",5,1808168,1,32,1,1,0.42,1,0.696,32,0
"66",66,"6mfmY",6,1811326,38,49,0,1,0.448,NA,1.203,38,NA
"67",67,"6mfmY",7,1815844,23,48,1,1,1.3,48,0.855,23,0
"68",68,"6mfmY",8,1819786,24,15,1,1,1.069,15,1.279,15,1
"69",69,"6mfmY",9,1823905,8,30,1,1,0.828,30,1.415,30,1
"84",84,"8WXnd",0,1149763,11,16,1,1,2.543,11,2.291,11,1
"85",85,"8WXnd",11,1191737,40,33,1,1,1.454,33,1.69,40,0
"86",86,"8WXnd",12,1196802,29,14,1,1,1.332,14,1.749,14,1
"87",87,"8WXnd",15,1208472,10,38,0,1,1.475,NA,2.556,38,NA
"88",88,"8WXnd",16,1215041,15,1,0,1,1.971,NA,0.599,1,NA
"89",89,"8WXnd",23,1236649,34,20,1,1,1.229,34,1.409,34,1
"90",90,"8WXnd",4,1164971,39,43,1,1,1.474,39,1.838,39,1
"91",91,"8WXnd",7,1176145,12,45,0,1,1.639,NA,1.315,12,NA
"92",92,"8WXnd",8,1181051,8,6,1,1,1.508,6,1.105,6,1
"93",93,"9nseM",0,5729786,15,27,0,1,2.028,NA,3.778,15,NA
"94",94,"9nseM",10,5782822,29,23,1,1,1.326,23,0.699,29,0
"95",95,"9nseM",14,5797385,2,44,0,1,3.28,NA,0.778,44,NA
"96",96,"9nseM",16,5806686,44,27,1,1,1.703,44,1.063,44,1
"97",97,"9nseM",18,5813986,2,11,1,1,1.265,11,2.54,11,1
"98",98,"9nseM",19,5821300,20,0,0,1,2.733,NA,0.855,20,NA
"99",99,"9nseM",2,5739799,35,24,0,1,1.189,NA,0.729,35,NA
"100",100,"9nseM",21,5829395,49,23,0,1,1.962,NA,1.653,23,NA
"101",101,"9nseM",22,5834545,18,28,0,1,1.449,NA,0.715,18,NA
"102",102,"9nseM",23,5838376,29,11,0,1,1.062,NA,2.1,11,NA
"103",103,"9nseM",3,5744203,35,16,1,1,1.606,16,0.696,16,1
"104",104,"9nseM",4,5750832,5,30,0,1,3.866,NA,8.061,5,NA
"105",105,"9nseM",5,5762008,3,31,0,1,1.07,NA,0.684,3,NA
"106",106,"9nseM",6,5766958,13,41,0,1,2.223,NA,1.253,13,NA
"107",107,"9nseM",7,5771593,49,5,1,1,1.322,5,1.046,5,1
"108",108,"aDc5y",0,4152324,45,30,1,1,1.26,45,0.675,45,1
"109",109,"aDc5y",10,4196019,43,1,0,1,2.693,NA,0.851,1,NA
"110",110,"aDc5y",13,4207341,4,9,1,1,1.951,4,0.581,4,1
"111",111,"aDc5y",17,4220468,11,8,1,1,1.788,11,0.732,8,0
"112",112,"aDc5y",2,4160702,27,28,0,1,1.728,NA,1.175,27,NA
"113",113,"aDc5y",20,4231307,16,41,1,1,1.624,41,0.723,41,1
"114",114,"aDc5y",23,4241205,27,29,1,1,1.398,27,0.545,27,1
"115",115,"aDc5y",3,4165896,46,43,1,1,1.998,46,1.349,43,0
"116",116,"aDc5y",4,4171061,35,26,1,1,1.79,35,0.987,26,0
"117",117,"aDc5y",5,4175382,21,11,0,1,1.311,NA,0.63,21,NA
"118",118,"aDc5y",6,4179653,4,26,0,1,1.62,NA,0.966,4,NA
"119",119,"aDc5y",9,4190437,9,14,0,1,1.811,NA,0.868,14,NA
"120",120,"AxP3Q",11,1777174,47,25,1,1,0.711,25,3.615,47,0
"121",121,"AxP3Q",12,1783556,1,37,0,1,0.735,NA,0.022,1,NA
"122",122,"AxP3Q",13,1785724,10,23,0,1,0.109,NA,0.164,23,NA
"123",123,"AxP3Q",14,1787961,8,18,0,1,0.025,NA,0.137,18,NA
"124",124,"AxP3Q",15,1790322,8,34,1,1,0.15,8,0.184,8,1
"125",125,"AxP3Q",16,1792804,0,35,0,1,0.222,NA,0.122,35,NA
"126",126,"AxP3Q",17,1795292,31,44,0,1,0.301,NA,0.123,44,NA
"127",127,"AxP3Q",19,1799359,21,9,0,1,0.204,NA,0.105,9,NA
"128",128,"AxP3Q",22,1805076,9,0,1,1,0.098,9,0.134,0,0
"129",129,"BAPFD",0,2456641,12,47,0,1,8.196,NA,6.648,12,NA
"130",130,"BAPFD",12,2516778,41,16,1,1,2.429,41,0.806,41,1
"131",131,"BAPFD",14,2525436,44,26,0,1,1.999,NA,0.745,44,NA
"132",132,"BAPFD",15,2529593,22,6,1,1,1.217,6,1.318,6,1
"133",133,"BAPFD",17,2537275,8,6,0,1,1.092,NA,0.592,6,NA
"134",134,"BAPFD",19,2545299,27,19,1,1,1.485,27,0.21,27,1
"135",135,"BAPFD",2,2474155,4,10,1,1,3.825,4,2.362,4,1
"136",136,"BAPFD",20,2550332,14,29,1,1,2.629,14,0.641,14,1
"137",137,"BAPFD",23,2566181,1,37,1,1,1.978,1,1.171,1,1
"138",138,"BAPFD",5,2486588,4,13,0,1,1.905,NA,0.97,4,NA
"139",139,"BAPFD",9,2504329,41,7,0,1,2.221,NA,0.776,41,NA
"140",140,"c2yi6",1,2304993,10,23,1,1,4.559,10,3.712,10,1
"141",141,"c2yi6",13,2381436,29,39,1,1,2.959,39,0.676,39,1
"142",142,"c2yi6",2,2314182,13,42,1,1,3.428,42,3.76,42,1
"143",143,"c2yi6",21,2422422,12,40,0,1,7.091,NA,1.839,40,NA
"144",144,"c2yi6",3,2323308,4,39,0,1,3.321,NA,1.082,39,NA
"145",145,"c2yi6",4,2328682,33,1,1,1,2.251,1,1.751,1,1
"146",146,"c2yi6",6,2343566,45,38,1,1,3.28,45,1.721,45,1
"147",147,"c2yi6",8,2353388,41,18,1,1,2.956,41,1.014,41,1
"148",148,"CvY1u",0,2141006,12,14,0,1,1.346,NA,4.394,14,NA
"149",149,"CvY1u",16,2216138,44,36,0,1,2.349,NA,1.329,44,NA
"150",150,"CvY1u",19,2230037,26,16,1,1,3.623,16,2.444,16,1
"151",151,"CvY1u",2,2156933,33,0,0,1,4.961,NA,1.241,33,NA
"152",152,"CvY1u",22,2245957,33,9,1,1,2.344,33,0.928,33,1
"153",153,"CvY1u",23,2251069,35,26,0,1,2.151,NA,0.567,35,NA
"154",154,"CvY1u",4,2166870,49,11,0,1,2.568,NA,0.961,11,NA
"155",155,"CvY1u",5,2173038,29,35,1,1,3.178,35,1.186,35,1
"156",156,"CvY1u",9,2190039,39,14,1,1,3.073,14,0.633,14,1
"167",167,"Gh7vV",11,1841044,45,24,1,1,1.173,24,0.98,24,1
"168",168,"Gh7vV",13,1848900,33,16,1,1,1.139,16,0.947,16,1
"169",169,"Gh7vV",15,1856555,38,42,1,1,1.296,42,0.981,42,1
"170",170,"Gh7vV",16,1860836,11,17,1,1,1.253,17,1.162,17,1
"171",171,"Gh7vV",18,1868332,14,29,0,1,1.354,NA,0.919,14,NA
"172",172,"Gh7vV",19,1872396,40,44,1,1,1.091,40,1.619,40,1
"173",173,"Gh7vV",22,1883788,11,24,0,1,1.013,NA,1.728,11,NA
"174",174,"Gh7vV",23,1889324,25,3,1,1,1.76,3,1.072,3,1
"175",175,"Gh7vV",3,1804772,0,44,0,1,1.639,NA,2.074,0,NA
"176",176,"Gh7vV",4,1810994,22,21,1,1,2.102,21,1.018,21,1
"177",177,"Gh7vV",6,1818530,20,12,0,1,1.209,NA,1.146,20,NA
"178",178,"Gh7vV",7,1824396,9,18,1,1,2.684,9,0.822,9,1
"179",179,"Gh7vV",8,1829124,33,17,0,1,1.864,NA,0.79,17,NA
"180",180,"Gh7vV",9,1833636,25,42,0,1,1.666,NA,1.018,42,NA
"181",181,"iDB50",0,4104733,23,41,0,1,1.186,NA,6.462,41,NA
"182",182,"iDB50",1,4114549,11,49,1,1,1.28,11,2.584,11,1
"183",183,"iDB50",15,4182593,22,40,1,1,2.184,40,3.243,40,1
"184",184,"iDB50",16,4190528,23,42,1,1,2.628,42,1.572,42,1
"185",185,"iDB50",18,4202188,45,14,1,1,2.646,14,1.38,14,1
"186",186,"iDB50",2,4121163,17,26,1,1,1.962,17,4.988,17,1
"187",187,"iDB50",22,4219100,33,41,1,1,2.419,41,1.209,41,1
"188",188,"iDB50",23,4224275,35,28,1,1,1.904,35,1.252,35,1
"189",189,"iDB50",3,4129437,38,6,1,1,1.227,6,0.591,38,0
"190",190,"iDB50",4,4134124,30,27,1,1,2.024,30,0.357,30,1
"191",191,"iDB50",7,4146696,22,14,0,1,4.276,NA,0.979,14,NA
"192",192,"iDB50",9,4158194,39,47,1,1,3.359,47,1.354,47,1
"193",193,"JMSfN",1,1627071,43,6,1,1,3.034,6,4.836,6,1
"194",194,"JMSfN",10,1674858,47,43,0,1,1.248,NA,0.687,47,NA
"195",195,"JMSfN",12,1682247,2,28,1,1,1.868,2,0.808,28,0
"196",196,"JMSfN",13,1686299,21,31,1,1,1.202,31,0.399,21,0
"197",197,"JMSfN",15,1693181,28,49,0,1,1.83,NA,0.709,49,NA
"198",198,"JMSfN",16,1697026,14,35,1,1,1.107,35,0.452,35,1
"199",199,"JMSfN",18,1703697,41,44,0,1,0.996,NA,0.613,41,NA
"200",200,"JMSfN",20,1710507,47,29,1,1,1.045,47,0.264,47,1
"201",201,"JMSfN",21,1714111,37,13,0,1,1.298,NA,0.467,13,NA
"202",202,"JMSfN",23,1721212,4,21,0,1,1.038,NA,0.38,21,NA
"203",203,"JMSfN",3,1642614,4,18,1,1,2.079,4,2.176,18,0
"204",204,"JMSfN",5,1653406,29,35,0,1,3.026,NA,1.291,35,NA
"205",205,"JMSfN",6,1658522,41,25,1,1,1.779,41,1.481,41,1
"206",206,"JMSfN",7,1664120,32,44,1,1,2.068,32,0.802,44,0
"207",207,"l0I2Q",10,4016296,49,2,0,1,2.913,NA,1.88,2,NA
"208",208,"l0I2Q",14,4032226,33,14,0,1,1.244,NA,1.214,33,NA
"209",209,"l0I2Q",17,4042582,28,49,1,1,1.287,49,1.844,28,0
"210",210,"l0I2Q",18,4051079,24,26,1,1,4.617,26,3.909,26,1
"211",211,"l0I2Q",19,4059264,30,21,0,1,2.225,NA,2.423,30,NA
"212",212,"l0I2Q",20,4066208,36,5,1,1,2.483,36,1.482,36,1
"213",213,"l0I2Q",21,4071361,27,3,1,1,1.608,27,0.924,27,1
"214",214,"l0I2Q",23,4079172,34,12,1,1,1.63,34,1.763,34,1
"215",215,"l0I2Q",7,3994799,29,33,1,1,1.188,29,5.398,29,1
"216",216,"l0I2Q",9,4008518,43,8,1,1,2.271,43,2.791,43,1
"217",217,"mBvvp",1,2837153,24,9,1,1,2.045,24,7.407,24,1
"218",218,"mBvvp",10,2931227,48,1,0,1,2.056,NA,1.887,1,NA
"219",219,"mBvvp",11,2936723,45,9,0,1,1.577,NA,0.798,45,NA
"220",220,"mBvvp",13,2947477,39,45,1,1,2.808,45,0.768,45,1
"221",221,"mBvvp",14,2952621,7,29,1,1,2.346,29,0.962,29,1
"222",222,"mBvvp",16,2963616,4,8,1,1,2.973,4,0.987,4,1
"223",223,"mBvvp",17,2968167,37,15,1,1,1.539,37,0.946,37,1
"224",224,"mBvvp",2,2849418,43,20,0,1,2.83,NA,1.349,20,NA
"225",225,"mBvvp",20,2983081,13,22,1,1,2.837,13,0.773,13,1
"226",226,"mBvvp",21,2994050,33,37,0,1,8.175,NA,1.061,37,NA
"227",227,"mBvvp",22,2998898,34,35,1,1,1.767,35,0.407,35,1
"228",228,"mBvvp",3,2857771,14,7,0,1,4.976,NA,0.942,14,NA
"229",229,"mBvvp",6,2876468,16,48,1,1,4.232,16,0.888,16,1
"230",230,"mBvvp",7,2884197,35,39,0,1,4.81,NA,1.075,35,NA
"231",231,"mBvvp",8,2919833,23,34,0,1,32.534,NA,2.062,23,NA
"232",232,"NWBJA",0,1709128,16,18,1,1,4.558,18,3.424,18,1
"233",233,"NWBJA",1,1716705,34,42,0,1,2.118,NA,1.457,34,NA
"234",234,"NWBJA",10,1761972,44,40,1,1,2.546,44,0.95,44,1
"235",235,"NWBJA",12,1770383,3,23,1,1,1.981,3,0.801,3,1
"236",236,"NWBJA",13,1774770,6,10,0,1,1.532,NA,0.981,10,NA
"237",237,"NWBJA",14,1778468,34,48,1,1,0.681,34,0.958,34,1
"238",238,"NWBJA",15,1782666,46,38,1,1,1.218,38,0.549,38,1
"239",239,"NWBJA",17,1789406,0,10,1,1,1.275,10,0.076,10,1
"240",240,"NWBJA",18,1793294,20,28,1,1,1.77,20,0.304,20,1
"241",241,"NWBJA",19,1798620,35,37,0,1,2.988,NA,0.472,35,NA
"242",242,"NWBJA",2,1722616,40,43,0,1,2.417,NA,1.069,43,NA
"243",243,"NWBJA",22,1808496,29,46,0,1,1.456,NA,0.259,29,NA
"244",244,"NWBJA",23,1812278,43,42,1,1,1.483,43,0.176,43,1
"245",245,"NWBJA",3,1728484,48,7,0,1,2.766,NA,1.74,48,NA
"246",246,"NWBJA",5,1737082,30,37,1,1,1.44,30,1.175,30,1
"247",247,"NWBJA",6,1743020,27,29,1,1,2.726,29,0.924,29,1
"248",248,"NWBJA",8,1750282,6,35,1,1,1.441,35,0.676,35,1
"249",249,"NWBJA",9,1755640,22,7,1,1,2.639,7,1.749,7,1
"250",250,"OgF5m",10,1974322,9,0,1,1,2.271,0,0.291,0,1
"251",251,"OgF5m",12,1984181,13,44,1,1,3.938,13,1.698,13,1
"252",252,"OgF5m",15,1996585,33,32,1,1,1.322,32,0.632,32,1
"253",253,"OgF5m",17,2004814,45,46,1,1,1.614,46,0.61,46,1
"254",254,"OgF5m",18,2010315,47,35,1,1,2.841,47,1.235,47,1
"255",255,"OgF5m",2,1927757,12,21,0,1,2.688,NA,6.889,21,NA
"256",256,"OgF5m",21,2022287,39,30,0,1,1.702,NA,0.801,39,NA
"257",257,"OgF5m",22,2026728,37,22,1,1,1.614,37,0.893,37,1
"258",258,"OgF5m",23,2031216,36,21,1,1,1.555,21,0.793,21,1
"259",259,"OgF5m",5,1946110,26,47,0,1,1.891,NA,3.027,47,NA
"260",260,"OgF5m",8,1961333,9,46,0,1,2.131,NA,1.198,46,NA
"261",261,"OgF5m",9,1967353,37,44,0,1,2.778,NA,2.672,37,NA
"262",262,"Ooi3v",10,1829748,23,20,1,1,4.899,20,1.636,20,1
"263",263,"Ooi3v",11,1838063,41,27,1,1,4.643,41,0.814,41,1
"264",264,"Ooi3v",16,1862389,12,33,1,1,4.061,12,0.979,12,1
"265",265,"Ooi3v",21,1887621,2,29,1,1,2.716,2,1.248,2,1
"266",266,"Ooi3v",22,1893601,4,30,1,1,2.692,30,2.844,30,1
"267",267,"Ooi3v",23,1900206,38,19,1,1,1.709,19,1.041,19,1
"268",268,"Ooi3v",3,1781193,36,7,1,1,2.782,36,2.979,36,1
"269",269,"Ooi3v",4,1790360,34,31,1,1,4.151,31,2.614,31,1
"270",270,"Ooi3v",6,1806474,1,21,1,1,4.501,21,1.133,1,0
"271",271,"Ooi3v",7,1811800,17,16,1,1,2.148,17,1.296,17,1
"272",272,"Ooi3v",9,1821581,18,44,1,1,1.51,44,1.213,44,1
"273",273,"PKUhO",0,2948305,29,26,1,1,10.536,26,5.941,26,1
"274",274,"PKUhO",1,2965758,47,8,1,1,9.471,8,2.179,8,1
"275",275,"PKUhO",10,3039286,21,33,1,1,3.1,33,2.07,33,1
"276",276,"PKUhO",13,3062563,4,44,1,1,3.147,4,4.066,4,1
"277",277,"PKUhO",14,3074401,35,11,1,1,5.727,11,1.309,11,1
"278",278,"PKUhO",15,3080710,34,36,1,1,2.972,36,1.235,36,1
"279",279,"PKUhO",19,3111100,16,0,1,1,3.011,0,3.294,0,1
"280",280,"PKUhO",20,3123166,7,1,1,1,6.715,7,2.713,7,1
"281",281,"PKUhO",21,3133177,6,5,1,1,5.262,5,0.763,5,1
"282",282,"PKUhO",23,3147085,31,42,1,1,2.827,31,0.835,31,1
"283",283,"PKUhO",3,2986952,22,19,1,1,2.909,22,1.631,19,0
"284",284,"PKUhO",8,3021401,12,14,1,1,4.578,14,2.198,14,1
"293",293,"QGgHx",1,20117858,17,21,1,1,2.095,17,3.941,17,1
"294",294,"QGgHx",10,20170223,16,22,0,1,4.075,NA,0.279,16,NA
"295",295,"QGgHx",13,20186376,27,22,1,1,2.357,27,0.388,27,1
"296",296,"QGgHx",17,20206422,23,9,1,1,2.705,23,0.662,23,1
"297",297,"QGgHx",18,20212282,15,39,1,1,3.166,15,0.402,15,1
"298",298,"QGgHx",19,20216368,12,11,0,1,1.653,NA,0.553,12,NA
"299",299,"QGgHx",2,20127111,16,19,1,1,3.275,16,0.395,16,1
"300",300,"QGgHx",20,20220421,12,41,1,1,1.473,12,2.572,12,1
"301",301,"QGgHx",23,20238061,32,11,1,1,3.241,32,0.238,32,1
"302",302,"QGgHx",5,20141940,30,3,1,1,1.88,3,0.97,3,1
"303",303,"QGgHx",6,20147387,13,47,1,1,2.447,13,0.397,13,1
"304",304,"QGgHx",9,20162801,40,38,1,1,4.533,40,1.311,40,1
"305",305,"qZmtG",10,1466695,25,2,1,1,1.492,25,0.521,25,1
"306",306,"qZmtG",11,1471490,41,11,1,1,2.226,11,1.064,11,1
"307",307,"qZmtG",13,1483368,14,30,1,1,4.727,14,1.432,14,1
"308",308,"qZmtG",14,1489178,19,25,0,1,2.336,NA,0.611,25,NA
"309",309,"qZmtG",16,1498042,5,33,0,1,2.097,NA,1.024,33,NA
"310",310,"qZmtG",17,1504545,20,16,1,1,3.443,20,0.607,20,1
"311",311,"qZmtG",18,1510078,5,49,1,1,2.876,49,0.484,49,1
"312",312,"qZmtG",2,1420905,29,11,0,1,2.102,NA,4.073,11,NA
"313",313,"qZmtG",20,1517506,46,15,1,1,1.979,15,1.267,15,1
"314",314,"qZmtG",4,1433756,32,19,1,1,2.092,32,1.288,32,1
"315",315,"qZmtG",5,1441092,12,24,1,1,4.001,24,2.318,24,1
"316",316,"qZmtG",7,1452793,36,44,1,1,3.085,44,1.088,36,0
"317",317,"qZmtG",8,1457945,17,10,0,1,2.019,NA,0.413,17,NA
"318",318,"rHMtE",0,3176709,34,28,1,1,2.571,34,2.755,34,1
"319",319,"rHMtE",10,3202529,18,45,1,1,0.06,45,0.156,45,1
"320",320,"rHMtE",11,3204849,11,40,1,1,0.029,11,0.153,11,1
"321",321,"rHMtE",12,3207629,48,49,0,1,0.579,NA,0.053,49,NA
"322",322,"rHMtE",15,3213239,7,35,1,1,0.226,7,0.239,7,1
"323",323,"rHMtE",17,3217539,30,40,0,1,0.189,NA,0.111,30,NA
"324",324,"rHMtE",18,3219938,9,12,0,1,0.232,NA,0.093,9,NA
"325",325,"rHMtE",19,3222359,38,31,1,1,0.296,38,0.01,38,1
"326",326,"rHMtE",2,3184877,30,44,1,1,0.269,30,0.031,44,0
"327",327,"rHMtE",20,3224609,20,36,1,1,0.195,36,0.051,36,1
"328",328,"rHMtE",21,3227210,31,1,0,1,0.493,NA,0.141,1,NA
"329",329,"rHMtE",22,3229689,38,20,0,1,0.282,NA,0.023,20,NA
"330",330,"rHMtE",23,3232120,12,48,1,1,0.359,12,0.009,48,0
"331",331,"rHMtE",3,3187490,1,9,1,1,0.551,1,0.132,9,0
"332",332,"rHMtE",4,3189810,7,44,0,1,0.153,NA,0.023,7,NA
"333",333,"rHMtE",6,3193659,16,27,1,1,0.142,27,0.155,27,1
"334",334,"rHMtE",7,3196028,13,49,1,1,0.181,49,0.074,49,1
"335",335,"rHMtE",8,3198401,34,16,0,1,0.237,NA,0.155,34,NA
"336",336,"rwXAf",0,1427971,33,0,0,1,5.491,NA,4.037,33,NA
"337",337,"rwXAf",1,1438402,12,9,1,1,4.381,12,1.223,12,1
"338",338,"rwXAf",10,1474147,30,34,1,1,1.678,30,2.614,34,0
"339",339,"rwXAf",11,1481506,18,27,1,1,2.732,27,0.485,27,1
"340",340,"rwXAf",13,1498882,25,22,1,1,7.723,25,0.327,22,0
"341",341,"rwXAf",15,1508450,8,36,1,1,1.405,36,0.311,36,1
"342",342,"rwXAf",16,1511890,34,6,0,1,1.115,NA,0.263,34,NA
"343",343,"rwXAf",17,1516658,7,35,1,1,2.493,7,0.215,7,1
"344",344,"rwXAf",19,1523554,8,30,0,1,1.453,NA,0.247,30,NA
"345",345,"rwXAf",20,1526642,2,12,0,1,0.828,NA,0.23,12,NA
"346",346,"rwXAf",22,1533172,43,35,0,1,1.468,NA,0.229,43,NA
"347",347,"rwXAf",23,1537554,28,19,0,1,2.14,NA,0.214,19,NA
"348",348,"rwXAf",4,1450915,43,44,1,1,1.165,43,1.126,43,1
"349",349,"rwXAf",5,1455042,33,40,1,1,0.989,33,0.422,33,1
"350",350,"rwXAf",7,1464370,19,6,1,1,3.149,6,0.295,19,0
"351",351,"SAcSz",11,4365818,23,33,0,1,1.469,NA,9.845,23,NA
"352",352,"SAcSz",19,4404549,19,15,1,1,3.641,19,3.341,19,1
"366",366,"sNyXJ",0,2033900,31,26,1,1,1.127,31,1.535,26,0
"367",367,"sNyXJ",1,2039139,41,36,0,1,1.663,NA,0.837,41,NA
"368",368,"sNyXJ",11,2072196,9,45,0,1,0.819,NA,0.671,9,NA
"369",369,"sNyXJ",13,2078492,24,48,0,1,0.857,NA,0.332,48,NA
"370",370,"sNyXJ",14,2082148,23,20,0,1,1.293,NA,0.331,20,NA
"371",371,"sNyXJ",17,2090859,14,9,1,1,1.187,14,0.382,14,1
"372",372,"sNyXJ",18,2094092,24,11,1,1,0.81,11,1.028,24,0
"373",373,"sNyXJ",2,2042843,41,17,1,1,0.827,17,0.392,17,1
"374",374,"sNyXJ",20,2101956,49,47,0,1,1.625,NA,0.366,47,NA
"375",375,"sNyXJ",21,2105260,20,5,1,1,0.893,20,0.365,20,1
"376",376,"sNyXJ",3,2046251,42,22,0,1,0.966,NA,0.52,22,NA
"377",377,"sNyXJ",5,2053220,25,27,1,1,1.325,27,0.355,27,1
"378",378,"sNyXJ",7,2059116,36,23,1,1,0.843,36,0.351,23,0
"379",379,"sNyXJ",8,2062876,45,13,1,1,1.374,45,1.274,13,0
"380",380,"SZfNj",0,1411407,15,8,1,1,2.016,15,3.61,8,0
"381",381,"SZfNj",1,1419185,37,43,1,1,2.135,43,1.673,43,1
"382",382,"SZfNj",10,1554070,44,10,1,1,3.088,10,1.267,10,1
"383",383,"SZfNj",11,1558516,5,40,0,1,1.148,NA,1.252,40,NA
"384",384,"SZfNj",12,1568661,17,13,1,1,6.857,17,1.964,13,0
"385",385,"SZfNj",13,1573364,5,27,1,1,0.708,5,1.098,27,0
"386",386,"SZfNj",14,1577829,21,43,0,1,1.334,NA,0.419,43,NA
"387",387,"SZfNj",15,1581260,6,29,1,1,0.987,6,0.358,6,1
"388",388,"SZfNj",16,1584932,4,19,1,1,1.271,19,0.89,19,1
"389",389,"SZfNj",17,1588786,44,31,0,1,0.918,NA,0.31,31,NA
"390",390,"SZfNj",19,1597320,13,39,0,1,2.999,NA,0.286,39,NA
"391",391,"SZfNj",2,1425278,22,30,1,1,2.385,30,1.993,22,0
"392",392,"SZfNj",20,1601504,15,47,0,1,1.867,NA,0.289,47,NA
"393",393,"SZfNj",21,1605133,27,6,0,1,1.304,NA,0.987,6,NA
"394",394,"SZfNj",22,1610198,30,37,0,1,2.041,NA,1.26,37,NA
"395",395,"SZfNj",3,1431829,40,7,1,1,2.525,7,1.239,7,1
"396",396,"SZfNj",4,1436522,19,22,0,1,1.425,NA,1.206,19,NA
"397",397,"SZfNj",5,1441457,18,7,0,1,1.685,NA,1.411,7,NA
"398",398,"SZfNj",6,1466804,17,4,0,1,21.891,NA,48.409,4,NA
"399",399,"SZfNj",7,1525515,47,39,1,1,7.351,39,1.196,39,1
"400",400,"SZfNj",8,1542574,18,31,1,1,13.418,31,1.074,31,1
"401",401,"SZfNj",9,1547270,8,10,0,1,1.583,NA,1.671,10,NA
"402",402,"tMhNR",0,8968027,13,44,0,1,5.156,NA,5.577,13,NA
"403",403,"tMhNR",12,9021147,35,11,1,1,1.05,11,1.562,11,1
"404",404,"tMhNR",14,9028939,14,28,1,1,1.517,28,1.975,28,1
"405",405,"tMhNR",15,9036050,19,12,1,1,3.06,19,2.403,19,1
"406",406,"tMhNR",17,9045842,19,4,0,1,1.801,NA,1.178,19,NA
"407",407,"tMhNR",19,9054652,13,18,1,1,2.107,13,1.547,13,1
"408",408,"tMhNR",20,9061827,36,37,1,1,3.55,36,1.574,36,1
"409",409,"tMhNR",21,9067388,21,28,0,1,1.928,NA,2.702,28,NA
"410",410,"tMhNR",3,8983315,47,9,0,1,0.912,NA,2.897,9,NA
"411",411,"tMhNR",4,8989662,44,39,1,1,1.388,39,1.295,39,1
"412",412,"tMhNR",5,8994715,16,42,0,1,1.732,NA,1.47,42,NA
"413",413,"tMhNR",6,8999355,48,20,1,1,1.138,48,1.147,20,0
"414",414,"tMhNR",7,9003315,35,48,0,1,0.755,NA,0.945,48,NA
"415",415,"tMhNR",8,9007460,15,20,0,1,1.088,NA,0.772,20,NA
"416",416,"tMhNR",9,9011139,45,37,0,1,0.881,NA,1.026,45,NA
"430",430,"vRFa3",0,1834557,24,42,1,1,3.415,42,3.508,42,1
"431",431,"vRFa3",10,1886908,29,12,1,1,1.86,29,2.023,29,1
"432",432,"vRFa3",11,1893030,39,19,0,1,2.058,NA,1.555,39,NA
"433",433,"vRFa3",16,1913441,23,18,1,1,1.019,18,3.434,18,1
"434",434,"vRFa3",18,1922960,45,41,0,1,1.259,NA,0.884,45,NA
"435",435,"vRFa3",19,1929953,23,42,0,1,4.054,NA,2.245,42,NA
"436",436,"vRFa3",2,1846962,14,47,1,1,1.279,14,1.134,14,1
"437",437,"vRFa3",21,1942736,5,16,1,1,2.516,16,1.619,16,1
"438",438,"vRFa3",3,1852615,21,33,1,1,2.49,21,0.55,21,1
"439",439,"vRFa3",7,1866448,8,34,1,1,1.278,34,2.292,34,1
"440",440,"vRFa3",9,1881794,31,9,1,1,2.947,31,1.216,31,1
"465",465,"WJ2Nv",0,1548472,35,4,1,1,4.957,35,2.485,35,1
"466",466,"WJ2Nv",1,1556305,3,0,1,1,3.292,0,0.968,0,1
"467",467,"WJ2Nv",10,1595654,45,28,1,1,2.204,45,0.917,45,1
"468",468,"WJ2Nv",11,1603152,21,8,1,1,4.56,8,0.795,8,1
"469",469,"WJ2Nv",15,1617793,14,16,1,1,2.047,14,0.625,14,1
"470",470,"WJ2Nv",16,1621882,47,9,1,1,1.419,47,0.303,47,1
"471",471,"WJ2Nv",18,1628419,1,12,1,1,1.08,1,0.301,1,1
"472",472,"WJ2Nv",23,1644269,37,36,1,1,2.243,36,0.901,36,1
"473",473,"WJ2Nv",4,1572699,24,22,1,1,3.732,22,0.925,22,1
"474",474,"WJ2Nv",8,1587717,26,41,1,1,2.092,26,1.04,26,1
"475",475,"wP5Q8",0,2499483,19,49,0,1,11.451,NA,2.632,19,NA
"476",476,"wP5Q8",1,2511375,18,30,1,1,7.242,30,3.639,30,1
"477",477,"wP5Q8",11,2564110,42,15,1,1,3.072,42,1.871,42,1
"478",478,"wP5Q8",12,2574561,13,26,0,1,6.562,NA,3.095,26,NA
"479",479,"wP5Q8",13,2582666,31,23,1,1,2.992,31,0.675,31,1
"480",480,"wP5Q8",16,2595228,49,27,1,1,1.458,49,1.511,49,1
"481",481,"wP5Q8",22,2619079,37,45,1,1,2.257,37,0.989,37,1
"482",482,"wP5Q8",23,2623500,37,6,0,1,1.41,NA,0.372,37,NA
"483",483,"wP5Q8",4,2528163,26,8,1,1,2.179,26,3.302,26,1
"484",484,"wP5Q8",6,2542416,43,15,0,1,3.711,NA,1.372,43,NA
"485",485,"wP5Q8",9,2554111,36,19,1,1,1.952,36,1.516,36,1
"486",486,"WUJ86",11,1930675,31,14,0,1,2.442,NA,1.761,31,NA
"487",487,"WUJ86",13,1940931,9,30,0,1,2.106,NA,4.129,9,NA
"488",488,"WUJ86",16,1960099,23,49,1,1,2.674,49,2.089,49,1
"489",489,"WUJ86",19,1977267,29,22,0,1,2.002,NA,1.897,22,NA
"490",490,"WUJ86",2,1867875,49,33,0,1,3.338,NA,6.913,49,NA
"491",491,"WUJ86",22,1991331,2,35,0,1,2.017,NA,1.993,35,NA
"492",492,"WUJ86",4,1887899,32,44,0,1,4.13,NA,4.65,32,NA
"493",493,"WUJ86",7,1908035,2,22,1,1,4.306,22,1.65,22,1
"494",494,"WUJ86",9,1919203,11,19,0,1,2.338,NA,2.169,19,NA
"495",495,"Xcmcr",0,2275286,1,28,0,1,13.773,NA,5.292,28,NA
"496",496,"Xcmcr",11,2337384,27,10,1,1,1.71,27,1.687,10,0
"497",497,"Xcmcr",12,2342961,3,30,0,1,1.834,NA,2.294,30,NA
"498",498,"Xcmcr",16,2358889,44,8,1,1,1.331,8,1.507,8,1
"499",499,"Xcmcr",17,2364300,38,7,0,1,1.855,NA,1.118,38,NA
"500",500,"Xcmcr",19,2372556,22,4,0,1,1.47,NA,1.011,4,NA
"501",501,"Xcmcr",20,2377346,49,15,0,1,1.71,NA,1.231,49,NA
"502",502,"Xcmcr",22,2386452,10,24,0,1,1.681,NA,1.007,24,NA
"503",503,"Xcmcr",23,2391145,6,11,0,1,1.618,NA,0.806,11,NA
"504",504,"Xcmcr",4,2298971,6,35,1,1,1.656,35,3.175,6,0
"505",505,"Xcmcr",5,2305957,46,40,0,1,1.69,NA,0.923,46,NA
"506",506,"Xcmcr",6,2312780,27,19,0,1,3.846,NA,1.64,19,NA
"507",507,"Xcmcr",7,2319826,7,41,1,1,3.273,7,0.981,41,0
"508",508,"Xcmcr",8,2324586,30,24,1,1,1.678,24,1.168,24,1
"530",530,"y72qN",0,2170482,38,25,1,1,10.056,38,4.501,38,1
"531",531,"y72qN",1,2180600,13,5,1,1,3.544,13,2.093,13,1
"532",532,"y72qN",10,2253666,26,12,1,1,4.268,26,2.729,26,1
"533",533,"y72qN",12,2267213,29,3,1,1,4.147,29,1.379,29,1
"534",534,"y72qN",13,2276153,45,35,0,1,5.502,NA,1.308,45,NA
"535",535,"y72qN",14,2281432,33,30,1,1,1.914,33,1.783,33,1
"536",536,"y72qN",17,2297073,45,41,1,1,4.053,45,0.591,45,1
"537",537,"y72qN",18,2302699,6,43,1,1,2.982,6,1.234,6,1
"538",538,"y72qN",19,2308806,1,46,1,1,2.821,46,1.245,46,1
"539",539,"y72qN",20,2317168,41,48,0,1,5.052,NA,1.333,48,NA
"540",540,"y72qN",23,2335385,23,48,1,1,3.304,48,1.082,48,1
"541",541,"y72qN",3,2195539,47,35,1,1,4.148,47,1.214,47,1
"542",542,"y72qN",4,2206294,37,13,0,1,7.488,NA,1.681,13,NA
"543",543,"y72qN",5,2213408,37,11,1,1,3.374,11,3.226,11,1
"544",544,"y72qN",7,2227003,0,4,1,1,3.369,4,2.277,4,1
"545",545,"y72qN",9,2245959,3,33,0,1,8.378,NA,1.38,33,NA
"546",546,"YJmUD",0,3583750,33,20,0,1,4.955,NA,3.734,20,NA
"547",547,"YJmUD",1,3590910,36,37,0,1,1.355,NA,1.398,37,NA
"548",548,"YJmUD",10,3649573,48,30,1,1,2.775,30,1.453,30,1
"549",549,"YJmUD",11,3655463,39,10,1,1,2.375,39,2.26,39,1
"550",550,"YJmUD",12,3663980,49,45,1,1,4.185,49,2.128,49,1
"551",551,"YJmUD",13,3671081,22,44,0,1,2.918,NA,0.566,44,NA
"552",552,"YJmUD",16,3681707,36,31,1,1,1.429,31,1.434,36,0
"553",553,"YJmUD",17,3686707,48,6,0,1,1.498,NA,1.849,6,NA
"554",554,"YJmUD",18,3691712,44,4,1,1,1.099,44,0.638,44,1
"555",555,"YJmUD",19,3696646,24,29,1,1,2.236,24,0.449,24,1
"556",556,"YJmUD",20,3704215,12,30,0,1,5.065,NA,1.449,30,NA
"557",557,"YJmUD",21,3709781,3,35,0,1,2.074,NA,2.041,35,NA
"558",558,"YJmUD",22,3715252,46,12,1,1,1.364,46,0.638,46,1
"559",559,"YJmUD",23,3719700,1,33,1,1,1.755,33,0.342,33,1
"560",560,"YJmUD",4,3603380,24,25,0,1,2.707,NA,1.131,24,NA
"561",561,"YJmUD",5,3608430,20,37,1,1,1.864,37,1.109,20,0
"562",562,"YJmUD",6,3623493,4,49,0,1,11.9,NA,1.886,49,NA
"563",563,"YJmUD",7,3630907,35,22,1,1,3.491,35,7.132,35,1
